NDVI,NDWI,is_flood
0.3238776624202728,-0.3045198321342468,False
0.6544791460037231,-0.6098616123199463,False
0.6812033653259277,-0.6421235203742981,False
0.5500833988189697,-0.5224043130874634,False
0.682989239692688,-0.6492298245429993,True
0.6728221774101257,-0.6419711709022522,True
0.3010989129543304,-0.2619140148162842,True
0.450800746679306,-0.4051233232021332,True
0.6691674590110779,-0.6540562510490417,True
0.2969306707382202,-0.349269688129425,False
0.2761428356170654,-0.3270769119262695,False
0.2986234724521637,-0.3523811995983124,False
0.2956496775150299,-0.3538511991500854,False
-0.1385389119386673,0.3272208273410797,False
-0.0526894927024841,0.2064169049263,True
-0.1896383613348007,0.4286318123340606,True
-0.1021861881017685,0.4079847633838653,True
0.2555806040763855,-0.2437817603349685,False
0.1847023218870163,-0.1752636134624481,False
0.1623391509056091,-0.1305700987577438,False
0.1982921063899994,-0.1825714707374572,True
0.2695557773113251,-0.2640023827552795,True
0.6360065937042236,-0.549980878829956,False
0.7669001221656799,-0.6873070001602173,False
0.7522062659263611,-0.6806458830833435,False
0.7287740111351013,-0.6663358807563782,True
0.7368955612182617,-0.6832852959632874,True
0.5009428262710571,-0.4564432799816131,True
0.1826589852571487,-0.15492545068264,True
0.5557504892349243,-0.5028760433197021,False
0.4088534116744995,-0.3590618968009949,False
0.3884425461292267,-0.3441368639469147,False
0.5367727279663086,-0.4670911133289337,True
0.6072660088539124,-0.5496824383735657,True
0.247733935713768,-0.2998526692390442,False
0.2507029473781585,-0.299022376537323,False
0.2492166459560394,-0.3059064149856567,False
0.2425725758075714,-0.3030338585376739,False
0.2340413182973861,-0.2976843416690826,False
0.2502871453762054,-0.3194838762283325,False
0.1902122646570205,-0.2645229697227478,False
0.1774764358997345,-0.2641250193119049,False
0.1677640229463577,-0.2498291283845901,True
0.3308052718639374,-0.3639832735061645,False
0.3283542394638061,-0.3675680160522461,False
0.3295924067497253,-0.3609213531017303,False
0.3428031206130981,-0.3581091463565826,False
0.3763039112091064,-0.3877916932106018,False
0.4080636203289032,-0.4184222817420959,False
0.5769526958465576,-0.5187259912490845,False
0.74053955078125,-0.6761782169342041,False
0.7335242033004761,-0.6783251762390137,False
0.707558810710907,-0.6456902027130127,False
0.7400344610214233,-0.6856200098991394,True
0.7295506596565247,-0.6827771067619324,True
0.1961278468370437,-0.1528262943029403,True
0.6806111335754395,-0.6341161131858826,True
0.3139787316322326,-0.2848309278488159,True
0.3770976662635803,-0.3770030736923218,False
0.438441127538681,-0.4369040131568908,False
0.5332645773887634,-0.5527462363243103,False
0.402692973613739,-0.4106770157814026,False
0.4655282199382782,-0.4974960386753082,False
0.4075093567371368,-0.4502014815807342,False
0.4321141839027405,-0.509012758731842,False
0.3541810214519501,-0.3827096223831177,False
0.4216941893100738,-0.4339247941970825,True
0.3674815595149994,-0.3638187050819397,True
0.377977967262268,-0.3777526617050171,True
0.3027746379375458,-0.3792999982833862,False
0.3028061985969543,-0.3864407241344452,False
0.2864530086517334,-0.3475340008735657,False
0.355307936668396,-0.4268505275249481,False
0.3375917077064514,-0.3881597816944122,False
0.3874624073505401,-0.435575783252716,False
0.4568038880825043,-0.4967254400253296,False
0.426480084657669,-0.4795789420604706,False
0.501826822757721,-0.5306589603424072,False
0.4757388532161712,-0.4930143356323242,False
0.4467678070068359,-0.4527839124202728,True
0.4881806075572967,-0.5222945213317871,True
0.3825839161872864,-0.3613180816173553,False
0.5473101139068604,-0.4919409453868866,False
0.2433215975761413,-0.3348079323768616,False
0.2339462637901306,-0.3324407935142517,False
0.2213419675827026,-0.3241127431392669,False
0.2164500951766967,-0.3169369101524353,False
0.2218953967094421,-0.3262957036495209,False
0.2154248058795929,-0.3170920312404632,False
0.1872779428958892,-0.285396933555603,False
0.20148266851902,-0.312149316072464,False
0.2030283957719802,-0.3129689991474151,False
0.3035104870796203,-0.3690896034240722,False
0.2990894913673401,-0.3689110279083252,False
0.2831156551837921,-0.3557231724262237,False
0.2760210037231445,-0.3543273508548736,False
0.2654464840888977,-0.3456445932388305,False
0.2625970542430877,-0.3485561907291412,False
0.235921248793602,-0.3249799013137817,False
0.2359530627727508,-0.3330214321613312,False
0.2250545769929886,-0.329131931066513,False
0.627583384513855,-0.5647632479667664,False
0.4869473576545715,-0.4293041825294494,False
0.6018546223640442,-0.5370155572891235,False
0.6353707909584045,-0.55940842628479,True
0.5906313061714172,-0.5424181222915649,True
0.3776484727859497,-0.4212398827075958,False
0.3178138434886932,-0.3558782041072845,False
0.3541454672813415,-0.4008545279502868,False
0.362727403640747,-0.4219945967197418,False
0.3246998488903045,-0.3719662725925445,False
0.185699462890625,-0.2163827419281005,False
0.2928384840488434,-0.3718278706073761,False
0.2705502510070801,-0.347234696149826,False
0.2683385610580444,-0.354517787694931,False
0.2692197561264038,-0.3431330323219299,False
0.2734966874122619,-0.3517138659954071,False
0.1985490173101425,-0.2995928823947906,False
0.1994866728782653,-0.296385258436203,False
0.1923973560333252,-0.2979455888271332,False
0.1986862123012542,-0.3027706444263458,False
0.1819790154695511,-0.2857141196727752,False
0.1938100457191467,-0.3085178136825561,False
-0.2936674952507019,0.304067850112915,False
-0.2740561366081238,0.2669900953769684,False
-0.3947966992855072,0.390855997800827,True
0.3342809975147247,-0.3480652272701263,False
0.2291918396949768,-0.2075375616550445,False
0.223157912492752,-0.3389665782451629,False
0.2222428172826767,-0.3415039181709289,False
0.2141579389572143,-0.3308983147144317,False
0.2085268050432205,-0.3250286281108856,False
0.1952560544013977,-0.3176478445529938,False
0.1998540014028549,-0.3366691470146179,False
0.0710907503962516,-0.182361215353012,False
0.0793934091925621,-0.2082422822713852,False
0.0694184079766273,-0.1971166133880615,True
0.7361681461334229,-0.6571120023727417,False
0.8181175589561462,-0.7438415288925171,False
0.8418772220611572,-0.76960688829422,False
0.7794270515441895,-0.7368987202644348,True
0.7727990746498108,-0.7373888492584229,True
0.7341046333312988,-0.6920676231384277,True
0.1500943005084991,-0.1262105703353881,True
0.3856691420078277,-0.4220644533634186,False
0.2217081636190414,-0.2510285079479217,False
0.2796201407909393,-0.3424414098262787,False
0.2869243621826172,-0.3758533895015716,False
0.2720927000045776,-0.3656619191169739,False
0.2948594689369201,-0.3636539876461029,False
0.3312752246856689,-0.3969438076019287,False
0.231276735663414,-0.2621992528438568,False
0.1669041663408279,-0.1769885122776031,False
0.3873220980167389,-0.456920325756073,False
0.3178457915782928,-0.3855336904525757,False
0.3279408514499664,-0.4042918980121612,False
0.3151616752147674,-0.4092251360416412,False
0.3074201643466949,-0.4313895106315613,False
0.4182142913341522,-0.3816950917243957,False
0.5423190593719482,-0.550670862197876,False
0.3234281241893768,-0.3003008663654327,False
0.4924011826515198,-0.4788650274276733,False
0.3233036398887634,-0.3005359470844269,True
0.34816575050354,-0.3258137106895447,True
0.3004853427410126,-0.2796120047569275,True
0.5117171406745911,-0.5170119404792786,True
0.4274307191371918,-0.3968885540962219,True
0.4244174659252167,-0.4806182384490967,False
0.418396919965744,-0.4596766829490661,False
0.4970425069332123,-0.5255034565925598,False
0.4731546640396118,-0.4922866821289062,False
0.3928567767143249,-0.3900774717330932,True
0.4800918400287628,-0.5186967849731445,True
0.5503244996070862,-0.5511705279350281,False
0.5613938570022583,-0.56362384557724,False
0.5437893271446228,-0.5467666387557983,False
0.5364017486572266,-0.5447472929954529,False
0.5436234474182129,-0.5477425456047058,False
0.5339992642402649,-0.5438669323921204,False
0.4340394139289856,-0.4519645273685455,False
0.5162662267684937,-0.5301256775856018,False
0.4836629033088684,-0.5105112791061401,False
0.4702436327934265,-0.399624615907669,False
0.7636975646018982,-0.6890855431556702,False
0.7529516816139221,-0.6868505477905273,False
0.7534208297729492,-0.6941912174224854,True
0.7410849332809448,-0.689507246017456,True
0.7390018105506897,-0.686259925365448,True
0.3640269935131073,-0.3193492293357849,True
0.4889813363552093,-0.4850438237190246,False
0.3199454843997955,-0.3130559623241424,False
0.448568731546402,-0.4540137648582458,False
0.4545709192752838,-0.4747052490711212,False
0.1799526810646057,-0.2170392721891403,False
0.1793681979179382,-0.2133157849311828,False
0.1631806790828704,-0.2244007289409637,False
0.2287044823169708,-0.2590436935424804,False
0.1882614493370056,-0.2376550137996673,False
0.1964815855026245,-0.2355809807777404,False
-0.3245128691196441,0.4021917581558227,False
-0.381540447473526,0.4388095736503601,False
-0.4947341978549957,0.5588890910148621,True
0.5789775848388672,-0.5100153684616089,False
0.4589190483093261,-0.4665105640888214,False
0.4809975028038025,-0.4873360395431518,False
0.4614787101745605,-0.4694623947143554,False
0.477943867444992,-0.49379763007164,False
0.4865831434726715,-0.5001427531242371,False
0.4800669550895691,-0.4919724464416504,False
0.4970585107803345,-0.5114803910255432,False
0.4671452939510345,-0.4841195046901703,False
0.2185341715812683,-0.309581458568573,False
0.2252582907676696,-0.3149222135543823,False
0.2150906920433044,-0.3102234303951263,False
0.2139130234718322,-0.2974728345870971,False
0.2002117186784744,-0.2975921928882599,False
0.2031345963478088,-0.3103192448616028,False
0.0422766245901584,-0.132651537656784,False
0.0336846932768821,-0.144667699933052,False
-0.004094298928976,-0.1020164340734481,True
0.1645130813121795,-0.3406407833099365,False
0.1583040952682495,-0.3926418423652649,False
0.1655804514884948,-0.3475817143917084,False
0.2080369889736175,-0.3575491607189178,False
0.2023825198411941,-0.2893001735210418,False
0.2797259986400604,-0.3893150687217712,False
0.2591936588287353,-0.2730724513530731,False
0.4203683733940124,-0.3975082635879516,False
0.4897404611110687,-0.4342581331729889,False
0.3935920596122741,-0.3427064120769501,False
0.3633683919906616,-0.3050425052642822,False
0.4596962630748749,-0.4093491733074188,True
0.5284191966056824,-0.4860441088676452,True
0.1635832339525222,-0.1597121357917785,False
0.257426917552948,-0.2977511286735534,False
0.2640881240367889,-0.3085136711597442,False
0.234125480055809,-0.2814092338085174,False
0.2114235609769821,-0.2683416604995727,False
0.2055718004703521,-0.2665454447269439,False
0.1816073060035705,-0.2384661585092544,False
0.1905315071344375,-0.2713885307312011,False
0.8010181784629822,-0.7099155783653259,False
0.8572537302970886,-0.768504798412323,False
0.8541563153266907,-0.7712950706481934,False
0.8200600147247314,-0.7497068047523499,True
0.8160017132759094,-0.7507126927375793,True
0.802939236164093,-0.731124222278595,True
0.1534641087055206,-0.1274454593658447,True
0.0618755295872688,-0.0095516890287399,False
0.1765229403972625,-0.1228384003043174,True
0.1628060489892959,-0.116164356470108,True
0.1334198117256164,-0.0879541561007499,True
0.5727469325065613,-0.5157703161239624,False
0.7364903688430786,-0.6830796599388123,False
0.7289885878562927,-0.6826860904693604,False
0.7472001314163208,-0.6992647051811218,True
0.7444577813148499,-0.6993587613105774,True
0.7381601333618164,-0.6848593950271606,True
0.5483908653259277,-0.4857720732688904,True
0.4491953253746032,-0.4585051834583282,False
0.5276433229446411,-0.5171821117401123,True
0.4127485752105713,-0.3896770477294922,True
0.538549542427063,-0.5006916522979736,True
0.1932380348443985,-0.1258527487516403,False
0.3439153432846069,-0.2461628466844558,False
0.3467179834842682,-0.2742682993412018,True
0.0408018678426742,-0.0121488124132156,True
0.3224347829818725,-0.2409162521362304,True
0.3716150522232055,-0.393858253955841,False
0.4599772989749908,-0.454262763261795,True
0.3711708784103393,-0.3450788855552673,True
0.4443596303462982,-0.4164037704467773,True
0.5897886753082275,-0.519588053226471,False
0.4725323915481567,-0.399446576833725,False
0.519012987613678,-0.4470219910144806,False
0.6444448828697205,-0.5547741651535034,True
0.6589145064353943,-0.5801581740379333,True
0.3066135346889496,-0.3875165283679962,False
0.3066899478435516,-0.3922974467277527,False
0.2973752021789551,-0.3821314871311188,False
0.2986406087875366,-0.3865825533866882,False
0.298247218132019,-0.3826456665992737,False
0.2986512184143066,-0.3887408077716827,False
0.2795650064945221,-0.3581826686859131,False
0.2925921082496643,-0.3817816376686096,False
0.2907053530216217,-0.3851813375949859,False
0.5780963897705078,-0.4930546879768371,False
0.4838443100452423,-0.4015191197395324,False
0.7316796779632568,-0.6250590085983276,True
0.7496015429496765,-0.6344146132469177,True
0.7237443923950195,-0.6262372136116028,True
0.6675682663917542,-0.5832644104957581,True
0.1844506859779358,-0.3515287637710571,False
0.1878017634153366,-0.3473935425281524,False
0.1813869923353195,-0.3577344417572021,False
0.2347258925437927,-0.3726374804973602,False
0.1651899069547653,-0.2331568151712417,False
0.2417328804731369,-0.3589083254337311,False
0.2354518920183181,-0.3706923127174377,False
0.2474695444107055,-0.3537662029266357,False
0.2360337972640991,-0.3657379448413849,False
0.1553402543067932,-0.285584956407547,False
0.1555572152137756,-0.2861121296882629,False
0.1396432071924209,-0.276568740606308,False
0.1452507972717285,-0.2773732244968414,False
0.1300930976867675,-0.2612009644508362,False
0.125699371099472,-0.274627149105072,False
0.0203256551176309,-0.1345002949237823,False
-0.1296005696058273,0.0502488166093826,False
-0.1239051222801208,0.027114912867546,True
0.4005576074123382,-0.4289854764938354,False
0.4551316797733307,-0.4254181385040283,False
0.2188726514577865,-0.2887141108512878,False
0.1998638659715652,-0.2641353011131286,False
0.2235655188560485,-0.2923434972763061,False
0.220443919301033,-0.2943127751350403,False
0.3485460877418518,-0.3407236039638519,False
0.3979642391204834,-0.3678573071956634,False
0.2154819369316101,-0.3296209275722503,False
0.2152120769023895,-0.3327147364616394,False
0.1976730227470398,-0.3180479705333709,False
0.2016249895095825,-0.3208601772785187,False
0.1823650747537613,-0.3088980317115783,False
0.176570788025856,-0.3115102350711822,False
0.0730490908026695,-0.2010641545057296,False
-0.0571993701159954,-0.0523692667484283,False
-0.0343478433787822,-0.0870603621006012,True
0.1849821656942367,-0.2627343535423279,False
0.0997708439826965,-0.1506399065256118,False
0.1794001460075378,-0.2805660367012024,False
0.1764272600412368,-0.2709431052207947,False
0.1758790463209152,-0.2711640894412994,False
0.174804612994194,-0.262447714805603,False
0.202123761177063,-0.292895644903183,False
0.6884303689002991,-0.6016598343849182,False
0.6023220419883728,-0.5387154817581177,False
0.6057858467102051,-0.5766173601150513,False
0.2339326590299606,-0.3432860076427459,True
0.4450483620166778,-0.4559696316719055,False
0.2244355231523513,-0.2347318232059478,False
0.3768628537654876,-0.4242370128631592,False
0.3739001750946045,-0.4150748550891876,False
0.3738064765930176,-0.4094175994396209,False
0.408490926027298,-0.4252229332923889,False
0.4402305781841278,-0.4601902961730957,False
0.3394353985786438,-0.3033410012722015,False
0.3390826880931854,-0.3223181068897247,False
0.3778467178344726,-0.4191940426826477,False
0.1964680701494217,-0.301039457321167,True
0.4343090951442718,-0.4456129372119903,False
0.2529192566871643,-0.2647108137607574,False
0.3786825537681579,-0.4239534437656402,False
0.3594928979873657,-0.4064588546752929,False
0.3240509629249573,-0.368882268667221,False
0.3524600863456726,-0.3842232227325439,False
0.4046950936317444,-0.4382914006710052,False
0.6625881791114807,-0.5665246248245239,False
0.4953840374946594,-0.4127410650253296,False
0.6182595491409302,-0.5212603807449341,False
0.5903218984603882,-0.5042622089385986,True
0.6884732246398926,-0.6128474473953247,True
0.4673409163951874,-0.4827825129032135,False
0.4795849621295929,-0.4950352311134338,False
0.46095010638237,-0.4761760532855987,False
0.4596923589706421,-0.476681113243103,False
0.4440267384052276,-0.4616768360137939,False
0.4613614082336426,-0.4761810600757599,False
0.426022320985794,-0.4418738782405853,False
0.4679862856864929,-0.4941855072975158,False
0.4337835013866424,-0.4643872380256653,False
0.6929455399513245,-0.5914291739463806,False
0.757726788520813,-0.6430211067199707,False
0.8037654757499695,-0.6831133961677551,True
0.8169980645179749,-0.6903054118156433,True
0.7705870866775513,-0.6577504873275757,True
0.7876539826393127,-0.6796956062316895,True
0.339052140712738,-0.2979313433170318,False
0.6298055052757263,-0.532240092754364,False
0.6988384127616882,-0.5871555209159851,False
0.7820069193840027,-0.6597341895103455,True
0.8000983595848083,-0.6727741956710815,True
0.7434347867965698,-0.6356763243675232,True
0.7395376563072205,-0.6413493752479553,True
0.3961753845214844,-0.451781690120697,False
0.3718193769454956,-0.4475901126861572,False
0.4545901715755462,-0.5029897689819336,False
0.4449877142906189,-0.4758489429950714,False
0.4291037917137146,-0.4470761120319366,True
0.4626611173152923,-0.5060184597969055,True
0.444129467010498,-0.4152223765850067,False
0.5897804498672485,-0.5767887234687805,False
0.5799506902694702,-0.5717129707336426,False
0.5501421093940735,-0.5532624125480652,False
0.5016419887542725,-0.5199601054191589,False
0.4975590407848358,-0.5255927443504333,False
0.3512587249279022,-0.3695217967033386,False
0.4640462100505829,-0.5182250738143921,False
0.7307960391044617,-0.6581076979637146,False
0.7666485905647278,-0.6998502612113953,False
0.756544828414917,-0.690018355846405,False
0.752149760723114,-0.6887930631637573,True
0.7516221404075623,-0.6952834725379944,True
0.1334856450557708,-0.0999388918280601,True
0.2976270020008087,-0.2549403011798858,True
0.3431454598903656,-0.3187671303749084,False
0.4367139041423797,-0.3854396045207977,False
0.2957190573215484,-0.3189364671707153,False
0.4417569637298584,-0.4211771190166473,False
0.2549553215503692,-0.2417625784873962,False
0.3096273243427276,-0.3862121999263763,False
0.3036405146121979,-0.3747101724147796,False
0.2717468738555908,-0.3261152505874634,False
0.2177392840385437,-0.2566137313842773,False
0.335672914981842,-0.3858061134815216,False
0.3832072913646698,-0.4248985648155212,False
0.2064768671989441,-0.2154162377119064,False
0.4337351322174072,-0.4347840845584869,False
0.4715898334980011,-0.4778608977794647,False
0.274747759103775,-0.2815160453319549,False
0.4034840762615204,-0.4489473402500152,False
0.3700021207332611,-0.4248229265213012,False
0.3609498739242553,-0.4257209300994873,False
0.3822559416294098,-0.4247695803642273,False
0.3973849415779114,-0.4397966861724853,False
0.598874032497406,-0.5941005349159241,False
0.3901011645793915,-0.3599385023117065,False
0.5615873336791992,-0.5335617661476135,False
0.596128523349762,-0.5555989146232605,True
0.5710626840591431,-0.5622553825378418,True
0.2873875200748443,-0.3359582722187042,False
0.2945171296596527,-0.3449975550174713,False
0.2919001877307892,-0.3497559428215027,False
0.2917491197586059,-0.3490437865257263,False
0.272017627954483,-0.3316829800605774,False
0.2903272211551666,-0.3507741689682007,False
0.2283003479242324,-0.3045200109481811,False
0.2062501758337021,-0.2992264330387115,False
0.1984976232051849,-0.2886766493320465,True
0.5994164347648621,-0.5553627014160156,False
0.3566608130931854,-0.3282586634159088,False
0.5624657273292542,-0.5530658960342407,False
0.5544224977493286,-0.5364214181900024,False
0.5009942650794983,-0.4895431995391845,False
0.5808061361312866,-0.5494709610939026,False
0.5758326649665833,-0.546972930431366,False
0.37466561794281,-0.4425539970397949,False
0.3613088428974151,-0.4451962411403656,False
0.4456678032875061,-0.500813364982605,False
0.433699369430542,-0.4728924036026001,False
0.4471550583839416,-0.4707512259483337,True
0.4620398283004761,-0.5079490542411804,True
0.367277979850769,-0.3812940716743469,False
0.4290696382522583,-0.4520070850849151,False
0.411245584487915,-0.4441643953323364,False
0.4109934270381927,-0.4451273679733276,False
0.384895771741867,-0.4233604669570923,False
0.3911302089691162,-0.4283288419246673,False
0.2686462700366974,-0.3493850827217102,False
0.2118984758853912,-0.3219581246376037,False
0.200332760810852,-0.3105636239051819,True
0.3365941643714905,-0.3174214661121368,False
0.5427318215370178,-0.4999496042728424,False
0.3532589375972748,-0.3605428636074066,False
0.3946349620819092,-0.3683659434318542,False
0.5405102968215942,-0.5031614899635315,False
0.5396782755851746,-0.4773993790149688,False
0.3941200375556946,-0.3880311250686645,False
0.4307153820991516,-0.4240045845508575,True
0.2152986079454422,-0.1916623711585998,True
0.2846252620220184,-0.2510972619056701,True
0.4841265380382538,-0.4400734305381775,False
0.2837429344654083,-0.2457486540079116,False
0.3936098515987396,-0.3396508395671844,False
0.5112906098365784,-0.4362948536872864,True
0.5638771653175354,-0.5071622729301453,True
0.3585935533046722,-0.308788925409317,False
0.4313313066959381,-0.3685697317123413,False
0.3708219528198242,-0.3101314008235931,True
0.0216177627444267,0.0076809180900454,True
0.4659305810928345,-0.3948291540145874,True
0.4679087102413177,-0.4155197143554687,False
0.7253555655479431,-0.6700518131256104,False
0.7248491644859314,-0.678601086139679,False
0.7008744478225708,-0.6664593815803528,True
0.6898675560951233,-0.664097011089325,True
0.5710874795913696,-0.5392558574676514,True
0.1235276684165,-0.1043501198291778,True
-0.073898933827877,0.254564881324768,False
-0.0774461776018142,0.2697524428367615,True
-0.0845964029431343,0.1765377819538116,True
-0.0666224956512451,0.3166691660881042,True
0.2918545305728912,-0.2780818045139313,False
0.3621828258037567,-0.3401969075202942,True
0.3084590137004852,-0.282642126083374,True
0.2849275469779968,-0.2642832696437835,True
0.289456307888031,-0.2901616394519806,False
0.3649210631847381,-0.3353000581264496,False
0.1604596525430679,-0.1784284561872482,False
0.0946894809603691,-0.0891721546649932,False
0.3513069748878479,-0.429326593875885,False
0.3232004940509796,-0.4120129942893982,False
0.3137252628803253,-0.40740966796875,False
0.292180985212326,-0.3973009288311004,False
0.2644886076450348,-0.3895106911659241,False
0.2448887825012207,-0.2874646484851837,False
0.1056293696165084,-0.1004764661192894,False
0.3635021150112152,-0.4357223510742187,False
0.3329731225967407,-0.4092238247394562,False
0.3211933076381683,-0.406168133020401,False
0.2988684773445129,-0.3966875672340393,False
0.2816329896450043,-0.4054524898529053,False
0.4146498143672943,-0.4481782913208008,False
0.418496161699295,-0.4531428515911102,False
0.4036083519458771,-0.438355803489685,False
0.4028193652629852,-0.4424784779548645,False
0.3917463719844818,-0.4313680827617645,False
0.4026028513908386,-0.4430504143238067,False
0.3632480502128601,-0.4049947559833526,False
0.3823152780532837,-0.4267813563346863,False
0.3656472563743591,-0.4220131337642669,False
0.2612433731555938,-0.3243159651756286,False
0.1539875417947769,-0.2005980163812637,False
0.2331494241952896,-0.3226064145565033,False
0.2181243151426315,-0.3089111447334289,False
0.2109218835830688,-0.301955908536911,False
0.2180994898080825,-0.2984901666641235,False
0.2526654899120331,-0.3349662721157074,False
0.3793181777000427,-0.4199180901050567,False
0.3941029608249664,-0.4365320801734924,False
0.3736754059791565,-0.4210054874420166,False
0.3852351009845733,-0.4267102479934692,False
0.3923761248588562,-0.4367731809616089,False
0.3852829933166504,-0.4264936149120331,False
0.3522957861423492,-0.3904888927936554,False
0.3875657916069031,-0.4365386962890625,False
0.3707374036312103,-0.425053983926773,False
0.3703780770301819,-0.4283482134342193,False
0.362354040145874,-0.4131903946399688,False
0.3912156820297241,-0.4502716958522796,False
0.3593418002128601,-0.4277137517929077,False
0.3526569008827209,-0.4267846345901489,False
0.3336586952209472,-0.419806957244873,False
0.3165829479694366,-0.4220665097236633,False
0.3166991472244262,-0.3827386498451233,False
0.3089739680290222,-0.3774546384811401,False
0.3321397006511688,-0.3840832412242889,False
0.4550518691539764,-0.4754320681095123,False
0.4094697833061218,-0.4288258850574493,False
0.4900914132595062,-0.4974762797355652,False
0.6087972521781921,-0.5862773656845093,False
0.5599566102027893,-0.5166056156158447,False
0.5973743796348572,-0.5616528391838074,False
0.5739096403121948,-0.5256814956665039,True
0.5619431138038635,-0.5434784889221191,True
0.3014099299907684,-0.3727927803993225,False
0.3011408150196075,-0.3778644800186157,False
0.2762675285339355,-0.367790013551712,False
0.2617116868495941,-0.3486424088478088,False
0.268572062253952,-0.3592268824577331,False
0.2557313144207001,-0.3517951071262359,False
0.2127456068992614,-0.3013569712638855,False
0.2494057118892669,-0.3568557202816009,False
0.2357771396636963,-0.3399882614612579,False
0.4201332330703735,-0.4709208309650421,False
0.3851966857910156,-0.4526178538799286,False
0.4766267836093902,-0.5122779011726379,False
0.4546275436878204,-0.4783559143543243,False
0.4638624191284179,-0.470984399318695,True
0.4960169494152069,-0.5230982303619385,True
0.1703877449035644,-0.1378482431173324,False
0.7624467015266418,-0.6920249462127686,False
0.7535699605941772,-0.6926515698432922,False
0.7560839653015137,-0.699123740196228,True
0.74547278881073,-0.694369375705719,True
0.7274218797683716,-0.6733497381210327,True
0.0936838835477829,-0.0713586583733558,True
0.5342129468917847,-0.4957939684391022,False
0.6134219169616699,-0.5752865672111511,True
0.4774776995182037,-0.4252087771892547,True
0.5452089905738831,-0.4740629494190216,True
0.7250919938087463,-0.6348364353179932,False
0.7449772357940674,-0.6667448878288269,False
0.7300099730491638,-0.6595897674560547,False
0.730789303779602,-0.6628382205963135,True
0.7106803059577942,-0.6494489908218384,True
0.3273654580116272,-0.2901133894920349,True
0.260784387588501,-0.2250644266605377,True
0.3063240945339203,-0.4008236229419708,False
0.3052818775177002,-0.4055469632148742,False
0.3039615750312805,-0.3834989368915558,False
0.3550478518009186,-0.4358314275741577,False
0.3499141037464142,-0.4174713492393493,False
0.3996070623397827,-0.4609724283218384,False
0.465010404586792,-0.3992701470851898,False
0.8021460771560669,-0.7247489094734192,False
0.7967628240585327,-0.726959764957428,False
0.7744576334953308,-0.7020670175552368,False
0.7744441628456116,-0.7105759978294373,True
0.7734196782112122,-0.7135016322135925,True
0.1735787093639373,-0.1276400685310363,True
0.7425926327705383,-0.6853922009468079,True
0.5171599984169006,-0.4501177072525024,True
0.346531480550766,-0.3662849366664886,False
0.3552145063877105,-0.3707990050315857,False
0.3319878578186035,-0.3521625399589538,False
0.3504266738891601,-0.3677976429462433,False
0.3552907109260559,-0.3724946081638336,False
0.3569587171077728,-0.3741081953048706,False
0.3675286471843719,-0.3629275560379028,False
0.3557820916175842,-0.3747623562812805,False
0.3722985982894897,-0.3877675831317901,False
0.4123269915580749,-0.3911343812942505,False
0.5355311632156372,-0.5408178567886353,False
0.5300779342651367,-0.5361451506614685,False
0.5141177773475647,-0.525872528553009,False
0.4966351985931396,-0.5194950699806213,False
0.4845491051673889,-0.509695291519165,False
0.4554778933525085,-0.4887302219867706,False
0.4612003862857818,-0.5082756280899048,False
0.686332643032074,-0.6254987716674805,False
0.7489286065101624,-0.6943520903587341,False
0.722144365310669,-0.6718550324440002,False
0.7417570352554321,-0.6846340298652649,True
0.7386104464530945,-0.6904857158660889,True
0.0547991693019866,-0.0276919081807136,True
0.298878401517868,-0.2562616169452667,True
0.3430951535701751,-0.3791669607162475,False
0.4179197251796722,-0.3937360346317291,False
0.4772516787052154,-0.4309277832508087,False
0.400079607963562,-0.353395015001297,False
0.338961511850357,-0.2905505895614624,False
0.4086333513259887,-0.3550422787666321,True
0.5221036672592163,-0.4872267246246338,True
0.0726394578814506,-0.1708154082298278,False
0.072471022605896,-0.1756523996591568,False
0.0632548257708549,-0.1647392362356186,False
0.0761110037565231,-0.1798017919063568,False
0.0564057640731334,-0.1510721147060394,False
0.0615737996995449,-0.1655451506376266,False
0.0578875802457332,-0.1510389298200607,False
0.0597250014543533,-0.150846391916275,False
0.0569787211716175,-0.1432774662971496,True
0.2133141607046127,-0.1646710336208343,False
0.4447355568408966,-0.4638797342777252,False
0.307782232761383,-0.2847433090209961,False
0.408765584230423,-0.4008917510509491,False
0.1559744775295257,-0.1364509910345077,True
0.2753919661045074,-0.2562442123889923,True
0.2498455345630645,-0.2268775701522827,True
0.4579173624515533,-0.468946635723114,True
0.1585214436054229,-0.1219872236251831,True
-0.0568196401000022,0.2089402228593826,False
0.0325735546648502,0.12986621260643,True
-0.0654471814632415,0.1686698347330093,True
-0.0089669814333319,0.1991739422082901,True
0.3351599872112274,-0.380760133266449,False
0.1937476396560669,-0.2278776913881302,False
0.2932192087173462,-0.3711740672588348,False
0.2683390378952026,-0.356933057308197,False
0.263413518667221,-0.3604542016983032,False
0.2800928950309753,-0.3540453910827636,False
0.3058800399303436,-0.3782613277435303,False
0.4349033236503601,-0.3967939615249634,False
0.1135503426194191,-0.2001272290945053,False
0.1514146476984024,-0.2283974587917328,False
0.1613590568304062,-0.240824818611145,False
0.1360849291086197,-0.206242635846138,False
0.1368799060583114,-0.214846670627594,False
0.1503904014825821,-0.2320904433727264,False
0.1430892348289489,-0.222562238574028,False
0.175236314535141,-0.272156685590744,False
0.174776017665863,-0.27707639336586,False
0.1648048609495163,-0.2678806483745575,False
0.1614294499158859,-0.2665570378303528,False
0.1654507517814636,-0.2715745568275451,False
0.1603516936302185,-0.2708499431610107,False
0.1496230214834213,-0.2626479864120483,False
0.1472224593162536,-0.2634184956550598,False
0.1459502279758453,-0.2633742392063141,False
0.176558256149292,-0.3560920655727386,False
0.1749985814094543,-0.3608788251876831,False
0.2286785840988159,-0.3747071325778961,False
0.0403231456875801,-0.0334569588303566,False
0.2795002460479736,-0.3986824750900268,False
0.2789275646209717,-0.3333255648612976,False
0.2893090546131134,-0.3490939736366272,False
0.2837647199630737,-0.352062851190567,False
0.2883334457874298,-0.3541408777236938,False
0.2654688060283661,-0.3317378759384155,False
0.2699419260025024,-0.3346417546272278,False
0.19269959628582,-0.2635163962841034,False
0.2015446424484253,-0.2943342328071594,False
0.1932512819766998,-0.2842475473880768,True
0.5522210597991943,-0.485673040151596,False
0.7597542405128479,-0.6851000785827637,False
0.7453393936157227,-0.6803950071334839,False
0.7611183524131775,-0.6905065178871155,True
0.7530039548873901,-0.6883295178413391,True
0.7537951469421387,-0.6810057759284973,True
0.5880318284034729,-0.5225147008895874,True
0.1836727708578109,-0.3102094233036041,False
0.1878062188625335,-0.322316437959671,False
0.1696226894855499,-0.3040013909339905,False
0.1728669106960296,-0.3048405647277832,False
0.1578248441219329,-0.2938773334026336,False
0.1438805758953094,-0.284758985042572,False
-0.0987176224589347,0.0275661312043666,False
-0.072414256632328,-0.0231493972241878,False
-0.0899579897522926,-0.0123261595144867,True
0.4101411700248718,-0.4497632086277008,False
0.4150245487689972,-0.4572855830192566,False
0.4038907885551452,-0.4472728669643402,False
0.4057629406452179,-0.4508852362632751,False
0.4017934799194336,-0.444010853767395,False
0.4090511798858642,-0.4561881422996521,False
0.382087767124176,-0.4201946556568146,False
0.4125373363494873,-0.4596772491931915,False
0.3975296020507812,-0.4495713710784912,False
0.6459978222846985,-0.5865594744682312,False
0.7070194482803345,-0.6521626710891724,False
0.6176668405532837,-0.5710111856460571,False
0.7063575387001038,-0.6607168912887573,True
0.6953670382499695,-0.6536029577255249,True
0.2816561162471771,-0.2349936664104461,True
0.4227095544338226,-0.3825560808181762,True
0.6859352588653564,-0.6558442711830139,True
0.4817694425582886,-0.4625787138938904,False
0.5167754888534546,-0.4939721226692199,True
0.4692889451980591,-0.4237084984779358,True
0.3085748255252838,-0.2655089199542999,True
0.2124746888875961,-0.2661328017711639,False
0.2290101647377014,-0.2820048928260803,False
0.2186874747276306,-0.2774950265884399,False
0.2315605282783508,-0.2875690460205078,False
0.206232875585556,-0.2553278803825378,False
0.2111421227455139,-0.246470108628273,False
0.179481491446495,-0.2020905464887619,False
0.2320296019315719,-0.2732585668563843,False
0.2251666784286499,-0.262560099363327,True
0.2126600444316864,-0.1552443951368332,False
0.2575781643390655,-0.1957789957523346,False
0.2228999584913253,-0.2133707553148269,False
0.2917632162570953,-0.2332410365343094,False
0.1933627128601074,-0.1640602797269821,False
0.1918052583932876,-0.1300491839647293,False
0.1059624329209327,-0.0249443631619215,False
0.1895706057548523,-0.1701558381319046,False
0.150690346956253,-0.1031675264239311,True
0.4221446812152862,-0.3675303757190704,False
0.7716487050056458,-0.6904964447021484,False
0.768291175365448,-0.6981650590896606,False
0.7536290884017944,-0.69056236743927,True
0.7450312376022339,-0.6890512704849243,True
0.7399975061416626,-0.6796378493309021,True
0.0477864816784858,-0.0307966098189353,True
-0.0238975845277309,0.0739868953824043,False
0.0356487482786178,0.0131741315126419,True
-0.0707621425390243,0.1129612177610397,True
-0.0010122456587851,0.0445858649909496,True
0.1145583167672157,-0.0151471169665455,False
0.1321663111448288,-0.0278535522520542,False
0.1969391107559204,-0.1574629545211792,False
0.1580564379692077,-0.0501640401780605,False
0.187041625380516,-0.1066924184560775,False
0.192717358469963,-0.0903623029589653,False
-0.2250958085060119,0.3464776873588562,False
-0.0877216830849647,0.1262235939502716,False
-0.3459856808185577,0.4654810428619385,True
0.6093002557754517,-0.5328518748283386,False
0.6756731867790222,-0.6138848066329956,False
0.6542342305183411,-0.5986132025718689,False
0.6556868553161621,-0.6052407026290894,True
0.5952916741371155,-0.550843358039856,True
0.3803678750991821,-0.3442240059375763,True
0.3161838054656982,-0.2763368487358093,True
0.0734517350792884,-0.140115275979042,False
0.082539290189743,-0.1508072018623352,False
0.0741029158234596,-0.148196592926979,False
0.089503213763237,-0.1647574007511139,False
0.0704099833965301,-0.1386537402868271,False
0.0774710178375244,-0.1524581164121627,False
0.0477620959281921,-0.1077302396297454,False
0.0569289624691009,-0.1178808957338333,False
0.0261182226240634,-0.0779915452003479,True
0.2093590945005417,-0.1816348284482956,False
0.1345550715923309,-0.0076685445383191,False
0.1493111848831176,-0.0198760516941547,False
0.1982674449682235,-0.14292673766613,False
0.2034780979156494,-0.049626812338829,False
0.2079982757568359,-0.1095553040504455,False
0.2256497889757156,-0.0915504768490791,False
-0.3103808462619781,0.4899721145629883,False
-0.1712435036897659,0.2636676728725433,False
-0.3991740047931671,0.566663384437561,True
0.3868638873100281,-0.3564140796661377,False
0.4545617401599884,-0.4314239621162414,True
0.4718540906906128,-0.422440767288208,True
0.4458363652229309,-0.4129032492637634,True
0.424735814332962,-0.4134688079357147,False
0.5588390231132507,-0.5622419118881226,False
0.549243688583374,-0.5564481019973755,False
0.5143915414810181,-0.532419741153717,False
0.4768599271774292,-0.5034550428390503,False
0.4777289032936096,-0.516332745552063,False
0.3555130660533905,-0.3760626316070556,False
0.437779814004898,-0.5087332725524902,False
0.5417088866233826,-0.4860067963600158,False
0.7708060145378113,-0.7037961483001709,False
0.7605253458023071,-0.7009280323982239,False
0.5991679430007935,-0.5420550107955933,False
0.7621038556098938,-0.7087860703468323,True
0.7514584064483643,-0.70402991771698,True
0.2941711843013763,-0.2355289310216903,True
0.687941312789917,-0.6404299736022949,True
0.7181284427642822,-0.6606796383857727,True
0.4324884712696075,-0.4107930660247803,False
0.4836160242557525,-0.4365432560443878,False
0.0014447383582592,0.1907067745923996,False
0.0930644571781158,0.0885589644312858,True
-0.0180145278573036,0.1949574053287506,True
-0.0344416946172714,0.2292854189872741,True
0.2303369492292404,-0.2015412151813507,False
0.465533584356308,-0.4616951942443847,False
0.3003970980644226,-0.2604308128356933,True
0.4545366168022156,-0.4191511869430542,True
0.4540756046772003,-0.4638224840164184,False
0.4681235253810882,-0.4779559969902038,False
0.4491925835609436,-0.468472957611084,False
0.444037914276123,-0.4653191566467285,False
0.4213306009769439,-0.4507464170455932,False
0.4304786622524261,-0.4657942950725555,False
0.2658280432224273,-0.3454777896404266,False
0.2093409895896911,-0.3203927278518677,False
0.1955166459083557,-0.3069818615913391,True
0.5766026377677917,-0.5289731025695801,False
0.6429622173309326,-0.5915380716323853,True
0.4567189216613769,-0.3992581367492676,True
0.5110490918159485,-0.4472646713256836,True
0.4214779436588287,-0.3769267797470093,False
0.6938392519950867,-0.6440029740333557,False
0.691710889339447,-0.6522709727287292,False
0.4942347705364227,-0.4702591896057129,False
0.7000856399536133,-0.6545449495315552,True
0.7056631445884705,-0.667281448841095,True
0.1830334067344665,-0.1500009596347808,True
0.6158348917961121,-0.5709740519523621,True
0.5064474940299988,-0.4677455127239227,True
0.4141490757465362,-0.4509719610214233,False
0.3895998001098633,-0.4419953823089599,False
0.3369376957416534,-0.3736308813095093,False
0.3189690709114074,-0.359044075012207,False
0.403338611125946,-0.4442328214645386,False
0.4289868772029876,-0.4704187214374542,False
0.4136631190776825,-0.4576578736305237,False
0.4227668642997741,-0.4703726172447204,False
0.4357517957687378,-0.4846804738044739,False
0.4181936383247375,-0.4591061472892761,False
0.4315240979194641,-0.4760891497135162,False
0.4160575866699219,-0.4628067910671234,False
0.3024670779705047,-0.3378382623195648,False
0.4214759767055511,-0.4211163818836212,False
0.2339559495449066,-0.3241439163684845,False
0.2363871932029724,-0.3302159011363983,False
0.2274984121322631,-0.3207236528396606,False
0.2272795289754867,-0.3227038085460663,False
0.2314940094947815,-0.3267525732517242,False
0.2298177629709243,-0.3278887271881103,False
0.2129617929458618,-0.3074371814727783,False
0.2223188579082489,-0.3227550089359283,False
0.220510646700859,-0.3253021836280823,False
0.5050824880599976,-0.5001171827316284,False
0.2655583620071411,-0.2671575248241424,False
0.417954534292221,-0.4255754649639129,False
0.4635771214962005,-0.5017233490943909,False
0.3668971955776214,-0.3056915998458862,False
0.3397160768508911,-0.2782956063747406,False
0.4580069780349731,-0.393896222114563,False
0.4576662480831146,-0.4249781966209411,False
0.4735074639320373,-0.441488116979599,False
0.3220000863075256,-0.2978934645652771,False
0.3175400793552398,-0.3008704781532287,False
0.5907923579216003,-0.5488971471786499,False
0.4189319908618927,-0.3716631829738617,False
0.5385417938232422,-0.4848265349864959,False
0.6153342127799988,-0.5522575974464417,True
0.5469409227371216,-0.5168734788894653,True
0.517747163772583,-0.4887974560260772,False
0.630545437335968,-0.5755802392959595,True
0.6378876566886902,-0.5622725486755371,True
0.6335909366607666,-0.5597137808799744,True
0.3407348990440368,-0.3242356777191162,False
0.5921112895011902,-0.553253710269928,True
0.5433225631713867,-0.4783833622932434,True
0.6244972348213196,-0.5614737272262573,True
0.0364200472831726,-0.1175005063414573,False
0.0500322878360748,-0.1349153816699981,False
0.0637178272008895,-0.1526559889316558,False
0.0596006400883197,-0.1495383232831955,False
0.0507036969065666,-0.1333649158477783,False
0.083769291639328,-0.1774587482213974,False
0.0369508378207683,-0.1175148710608482,False
0.0383090078830719,-0.1134417876601219,False
0.0026038910727947,-0.0670060589909553,True
0.6305995583534241,-0.5749940276145935,False
0.6946768760681152,-0.6444827914237976,False
0.6236777305603027,-0.5860048532485962,False
0.6868395209312439,-0.6443977355957031,True
0.6770674586296082,-0.6381272077560425,True
0.4719307720661163,-0.4181091487407684,True
0.4415039718151092,-0.3992059230804443,True
0.6659086346626282,-0.6389740705490112,True
0.0387981757521629,0.175581157207489,False
0.0494189448654651,0.1675697863101959,False
0.1229374334216117,-0.016858423128724,False
0.1270568221807479,0.1495544761419296,False
0.1661743223667144,0.0187489204108715,False
0.1426763385534286,0.0952309146523475,False
-0.2544572651386261,0.5002552270889282,False
-0.1383395791053772,0.2253824174404144,False
-0.3580974638462066,0.5772544741630554,True
0.3674462139606476,-0.3014543950557709,False
0.4833069145679474,-0.4410549104213714,False
0.1710133105516433,-0.1389908343553543,False
0.4915873110294342,-0.4405134320259094,False
0.4544782638549804,-0.4022948443889618,True
0.1661300957202911,-0.1304992586374282,True
0.2556247115135193,-0.2180713266134262,True
0.4345508515834808,-0.4016576409339905,True
0.3811065554618835,-0.3038881719112396,True
0.1807222813367843,-0.3010498881340027,False
0.1816390603780746,-0.3057526051998138,False
0.2275871932506561,-0.3176304697990417,False
0.0789230614900589,-0.074269913136959,False
0.2524094879627228,-0.3267964124679565,False
0.4527248442173004,-0.4709740579128265,False
0.458851009607315,-0.4758595526218414,False
0.4443828761577606,-0.4622620940208435,False
0.4508059918880462,-0.4674195945262909,False
0.4421514868736267,-0.4614531099796295,False
0.4473326206207275,-0.4626530706882477,False
0.4220452010631561,-0.4341077506542206,False
0.4352577030658722,-0.455415278673172,False
0.4234531223773956,-0.4494642615318298,False
0.4647315740585327,-0.426871657371521,False
0.7055531144142151,-0.6082331538200378,True
0.6234027743339539,-0.5250933170318604,True
0.6927000880241394,-0.5924555659294128,True
0.5484615564346313,-0.4917481541633606,False
0.67690509557724,-0.6069431900978088,True
0.5844046473503113,-0.5020400285720825,True
0.4625080227851867,-0.3957683444023132,True
0.3814911544322967,-0.4246782064437866,False
0.2291353344917297,-0.2579815685749054,False
0.3211707472801208,-0.3915775120258331,False
0.2968378365039825,-0.3905745446681976,False
0.2842932343482971,-0.3845833241939544,False
0.3025870621204376,-0.3737919926643371,False
0.3291555941104889,-0.401010662317276,False
-0.1966730803251266,0.4427967369556427,False
-0.1442663371562957,0.376470535993576,True
-0.2824050784111023,0.4298985600471496,True
-0.2022327482700348,0.486971378326416,True
0.3995552957057953,-0.4199088215827942,False
0.4106097221374511,-0.4291795790195465,False
0.3937546610832214,-0.4137449860572815,False
0.4105883538722992,-0.431062787771225,False
0.4112734198570251,-0.4334328174591064,False
0.4175403714179992,-0.4353620111942291,False
0.4273134768009186,-0.447038471698761,False
0.4202766120433807,-0.43800950050354,False
0.5820454359054565,-0.542236864566803,False
0.4808307290077209,-0.4409511387348175,False
0.5708733797073364,-0.5315077304840088,False
0.5759603381156921,-0.5250487923622131,True
0.4777769148349762,-0.4618127942085266,True
0.6296886205673218,-0.5881661772727966,False
0.6763333082199097,-0.6270421743392944,True
0.6395471096038818,-0.5795183181762695,True
0.4130159616470337,-0.3569821417331695,True
-0.2168916910886764,0.4740903377532959,False
-0.1627041101455688,0.3659717142581939,True
-0.3094438910484314,0.460347443819046,True
-0.2337374538183212,0.5024812817573547,True
0.2617796063423157,-0.2159443646669387,False
0.7255946397781372,-0.6474249958992004,False
0.8163548111915588,-0.7359564304351807,False
0.8092349767684937,-0.7366095185279846,False
0.7577919363975525,-0.7058287858963013,True
0.7510179281234741,-0.7064402103424072,True
0.6261970400810242,-0.5835363268852234,True
0.1695999801158905,-0.1465478837490081,True
0.4092857539653778,-0.4469887912273407,False
0.4005733132362366,-0.4348310828208923,False
0.4451673328876495,-0.467591792345047,False
0.4794653356075287,-0.479476124048233,False
0.4973545372486114,-0.4913699924945831,False
0.5620823502540588,-0.541020393371582,False
0.4132373631000519,-0.402394950389862,False
0.5568665862083435,-0.5412803292274475,True
0.5997133851051331,-0.5506268739700317,True
0.4763097465038299,-0.4137523472309112,True
0.1437592953443527,-0.2746595442295074,False
0.1425546556711197,-0.2731354832649231,False
0.1312073767185211,-0.2678377330303192,False
0.1394299864768982,-0.2708018124103546,False
0.1263526380062103,-0.2577310800552368,False
0.1222264766693115,-0.2648030519485473,False
0.0583155751228332,-0.1735901683568954,False
-0.0051491148769855,-0.1022157818078994,False
-0.0047287018969655,-0.1101985946297645,True
0.2847493886947632,-0.3751624822616577,False
0.2893706858158111,-0.3875534534454345,False
0.2592567205429077,-0.3119606375694275,False
0.3753810524940491,-0.4401542544364929,False
0.3573041558265686,-0.4170910120010376,False
0.4050619900226593,-0.4590697288513183,False
0.3054319620132446,-0.3535561263561249,False
0.1807734072208404,-0.2151169329881668,False
0.2546995878219604,-0.3220382630825043,False
0.2554991841316223,-0.3318916261196136,False
0.257750928401947,-0.3412457704544067,False
0.2734985053539276,-0.3373962044715881,False
0.3078339397907257,-0.3711365759372711,False
0.7340052723884583,-0.6382259726524353,False
0.7814804315567017,-0.7000138759613037,False
0.764618992805481,-0.6915472149848938,False
0.731776773929596,-0.6752333641052246,True
0.7231524586677551,-0.6751596927642822,True
0.6009309887886047,-0.5474702715873718,True
0.330106645822525,-0.3032940030097961,True
0.4130615293979645,-0.4797411262989044,False
0.3700798451900482,-0.4473755359649658,False
0.4666458964347839,-0.5127955079078674,False
0.4406291842460632,-0.4789469242095947,False
0.3601640164852142,-0.3623884320259094,True
0.4683574736118316,-0.5122488141059875,True
0.3867457211017608,-0.4008137583732605,False
0.3931139409542084,-0.4063806235790252,False
0.377053439617157,-0.385710209608078,False
0.3882114589214325,-0.4031825661659241,False
0.3776981234550476,-0.3943565189838409,False
0.3848855793476105,-0.3957093954086303,False
0.3724841177463531,-0.3877274990081787,False
0.410844475030899,-0.4338404834270477,False
0.3656845092773437,-0.3870608806610107,False
0.2075628787279129,-0.2083244621753692,False
0.1579910963773727,-0.3380215764045715,False
0.1531671583652496,-0.3414883613586426,False
0.1574407368898391,-0.3444476127624511,False
0.1927233934402465,-0.3510577380657196,False
0.1676650494337082,-0.26671302318573,False
0.1930467784404754,-0.3585882186889648,False
0.2151532769203186,-0.3597705662250519,False
0.1768583804368972,-0.3222939074039459,False
0.1784046441316604,-0.3444443047046661,False
0.4529570937156677,-0.413598358631134,False
0.4174011647701263,-0.3910672664642334,False
0.3894921839237213,-0.4044918417930603,False
0.1973627209663391,-0.2713026404380798,True
0.1716315299272537,-0.3136650621891022,False
0.1705285459756851,-0.317745566368103,False
0.2155311852693557,-0.3288323879241943,False
0.102432943880558,-0.1217790767550468,False
0.2451218366622924,-0.3404780924320221,False
0.71551513671875,-0.6560612916946411,False
0.7646838426589966,-0.6986874938011169,False
0.7583343386650085,-0.6997421979904175,False
0.7254218459129333,-0.6750261187553406,True
0.7162339091300964,-0.672776997089386,True
0.5698328614234924,-0.5396230816841125,True
0.1205354183912277,-0.097700111567974,True
0.2363732606172561,-0.2245461344718933,False
0.4673853516578674,-0.4852317571640014,False
0.4578692615032196,-0.4776162505149841,False
0.4345577657222748,-0.4616381824016571,False
0.4190461337566376,-0.4610401690006256,False
0.3974751532077789,-0.440984845161438,False
0.3009349405765533,-0.3329615890979767,False
0.3744225800037384,-0.4398229122161865,False
0.5231877565383911,-0.4735648334026336,False
0.2633212506771087,-0.2139548510313034,False
0.5333970785140991,-0.4691409468650818,False
0.5885364413261414,-0.511235237121582,True
0.4730508327484131,-0.4463182389736175,True
0.3244533240795135,-0.2769207656383514,False
0.7268692255020142,-0.6645035743713379,False
0.7194777131080627,-0.665346086025238,False
0.724389374256134,-0.6717068552970886,True
0.7147220969200134,-0.6717482209205627,True
0.588614821434021,-0.5446087121963501,True
0.5162016749382019,-0.4664949774742126,True
0.1870438307523727,-0.2294876426458358,False
0.205399602651596,-0.2691738605499267,False
0.2432988286018371,-0.3538620173931122,False
0.2089844942092895,-0.3058537542819977,False
0.2224875092506408,-0.3495148122310638,False
0.1921352297067642,-0.3161246478557586,False
0.1933040171861648,-0.2871201336383819,False
0.2278041988611221,-0.3726527392864227,False
0.1831900030374527,-0.3046866357326507,False
0.3297340273857116,-0.3095943033695221,False
0.3008967041969299,-0.2893559634685516,False
0.3798548281192779,-0.4128362834453583,False
0.1820150762796402,-0.2690253555774688,True
0.4179010987281799,-0.4833340942859649,False
0.3906595408916473,-0.4685503244400024,False
0.4839583337306976,-0.5285205245018005,False
0.4546864032745361,-0.4909972846508026,False
0.3532468676567077,-0.3518210351467132,True
0.4774293303489685,-0.5269516706466675,True
0.4059188961982727,-0.438061386346817,False
0.3943368792533874,-0.4273476302623749,False
0.42696213722229,-0.4572593569755554,False
0.4240007698535919,-0.4212470352649688,False
0.4569945037364959,-0.4575919806957245,False
0.533252477645874,-0.517927885055542,False
0.6964581608772278,-0.6163105964660645,False
0.768269419670105,-0.6859999299049377,False
0.7618694305419922,-0.6883769631385803,False
0.7303184866905212,-0.6746601462364197,True
0.7251167893409729,-0.6762310266494751,True
0.7222277522087097,-0.6687226295471191,True
0.4344344139099121,-0.3855902850627899,True
0.4799257218837738,-0.456098735332489,False
0.2568687498569488,-0.2253747880458831,False
0.286675363779068,-0.3452089428901672,False
0.2877049446105957,-0.3450709283351898,False
0.2851059138774872,-0.3492611050605774,False
0.2815864980220794,-0.3480868339538574,False
0.2648139595985412,-0.332549124956131,False
0.2800814211368561,-0.3610722720623016,False
0.204604223370552,-0.2914747297763824,False
0.1281657665967941,-0.1658788919448852,False
0.070795826613903,-0.0870750620961189,True
0.077461764216423,-0.1740305125713348,False
0.0761817321181297,-0.1780713945627212,False
0.0632160827517509,-0.164911463856697,False
0.0807072445750236,-0.1849560737609863,False
0.0571172870695591,-0.1509223729372024,False
0.0721549540758133,-0.174682542681694,False
0.0660663917660713,-0.1625567227602005,False
0.0627238377928733,-0.1508599817752838,False
0.058809295296669,-0.1416744589805603,True
0.5146989226341248,-0.4556311964988708,False
0.7262493968009949,-0.664270281791687,False
0.7133619785308838,-0.6597508788108826,False
0.7293475270271301,-0.6708835959434509,True
0.7219934463500977,-0.6712544560432434,True
0.7111595273017883,-0.6526368260383606,True
0.6044935584068298,-0.5433902144432068,True
0.4514195024967193,-0.3898094892501831,False
0.3672419190406799,-0.3535017371177673,False
0.2284636497497558,-0.203774020075798,False
0.368495225906372,-0.3445923030376434,False
0.4242595434188843,-0.4094952344894409,True
0.3849504590034485,-0.3403739035129547,True
0.4210356175899505,-0.3912259936332702,True
0.4383369982242584,-0.4521122276782989,False
0.2633735239505768,-0.2758542597293854,False
0.386025071144104,-0.4278007447719574,False
0.358679860830307,-0.403401106595993,False
0.3579950034618377,-0.4090811312198639,False
0.3679345548152923,-0.4029060006141662,False
0.4135245382785797,-0.4462841153144836,False
0.2248725146055221,-0.3384143114089966,False
0.2228530198335647,-0.3382573127746582,False
0.2130178660154342,-0.3293199837207794,False
0.2118103951215744,-0.3285683095455169,False
0.1930408775806427,-0.3150113523006439,False
0.1951180100440979,-0.3317071497440338,False
-0.0010499912314116,-0.1078673750162124,False
-0.0311965197324752,-0.0714012011885643,False
-0.0177392233163118,-0.0949312523007392,True
0.5787493586540222,-0.5675316452980042,False
0.3531762957572937,-0.3249366581439972,False
0.4856289625167846,-0.4523127973079681,False
0.5773919224739075,-0.5358899235725403,True
0.5438132882118225,-0.53177410364151,True
0.4282333254814148,-0.4436182081699371,False
0.2569726109504699,-0.2674564719200134,False
0.3605970442295074,-0.4013746380805969,False
0.3285867869853973,-0.3864772617816925,False
0.3164272308349609,-0.3774912655353546,False
0.3346481919288635,-0.3741412758827209,False
0.3834625780582428,-0.4216747879981994,False
0.2809036076068878,-0.3133662343025207,False
0.3384549617767334,-0.3170898258686065,False
0.4569006860256195,-0.4396566748619079,False
0.5141593813896179,-0.4928409159183502,True
0.4916963279247284,-0.4466803669929504,True
0.4331424534320831,-0.3769111335277557,True
0.4641245305538177,-0.4167368412017822,False
0.7313440442085266,-0.6730142831802368,False
0.7227230668067932,-0.6719978451728821,False
0.6548952460289001,-0.6015539169311523,False
0.7311620116233826,-0.684644341468811,True
0.7190805673599243,-0.6795159578323364,True
0.0341940447688102,-0.0119427554309368,True
0.5900897979736328,-0.5524961948394775,True
0.5224100947380066,-0.4842044413089752,True
0.2647693455219269,-0.1678009033203125,False
0.2623720169067383,-0.164131298661232,False
0.3300730288028717,-0.22535240650177,False
0.3387764990329742,-0.2748520076274872,False
0.3437197506427765,-0.2777126133441925,False
0.246865838766098,-0.1883527785539627,False
0.2513929605484009,-0.2015901356935501,False
0.4163583517074585,-0.4521710574626922,False
0.4225226044654846,-0.4564827382564544,False
0.4050507545471191,-0.4417680501937866,False
0.4017953276634216,-0.4417779445648193,False
0.375905305147171,-0.4182621240615845,False
0.3793374300003052,-0.4270316958427429,False
0.3449214696884155,-0.3991491496562958,False
0.3590877652168274,-0.4147596657276153,False
0.3438206613063812,-0.4101176261901855,False
0.4790754020214081,-0.4553498923778534,False
0.4148832559585571,-0.3692432940006256,False
0.5353220701217651,-0.5029211044311523,False
0.589682400226593,-0.5482508540153503,True
0.5695507526397705,-0.5102283954620361,True
0.5465124249458313,-0.4958595931529999,True
0.2974955141544342,-0.3736726343631744,False
0.2800204753875732,-0.3551678657531738,False
0.3008973002433777,-0.3777585625648498,False
0.2976611256599426,-0.3775973916053772,False
0.4517592787742615,-0.4161413609981537,False
0.5513929724693298,-0.5606624484062195,False
0.2792326211929321,-0.2515624761581421,False
0.5403667688369751,-0.5305104851722717,False
0.5291986465454102,-0.5055167078971863,True
0.399044930934906,-0.3854222893714905,True
0.5181379914283752,-0.5167753100395203,True
0.5262241363525391,-0.5360474586486816,True
0.4105549454689026,-0.3720780313014984,True
0.2168015986680984,-0.283400684595108,False
0.227565735578537,-0.2986273765563965,False
0.2208082228899002,-0.2941847741603851,False
0.2346222996711731,-0.307993620634079,False
0.2156332731246948,-0.2846677005290985,False
0.2382349222898483,-0.297116219997406,False
0.1896053105592727,-0.2135729640722274,False
0.2497388422489166,-0.3018060326576233,False
0.2435419410467147,-0.2980942130088806,True
0.3893397450447082,-0.3809281587600708,False
0.3905683755874634,-0.3826804161071777,True
0.2006386518478393,-0.1761516481637954,True
0.3380480110645294,-0.3129850924015045,True
0.4213137626647949,-0.3903841376304626,False
0.5852212309837341,-0.5293994545936584,True
0.5764439105987549,-0.5065819621086121,True
0.5118248462677002,-0.456658273935318,True
0.5873059630393982,-0.5605729222297668,False
0.620070219039917,-0.606323778629303,False
0.6053016781806946,-0.5996310114860535,False
0.566598117351532,-0.5742889046669006,False
0.5262169241905212,-0.541243314743042,False
0.5280128121376038,-0.5573411583900452,False
0.2810636162757873,-0.2863748073577881,False
0.4795944094657898,-0.541578471660614,False
0.5082151889801025,-0.4892671108245849,False
0.522181510925293,-0.499865710735321,False
0.4957088530063629,-0.4750164747238159,False
0.5207312107086182,-0.501024603843689,False
0.5123900771141052,-0.492745965719223,False
0.5209697484970093,-0.497410386800766,False
0.4910273849964142,-0.4690821170806885,False
0.5373655557632446,-0.531107485294342,False
0.4864802658557892,-0.4776781797409057,False
0.0339265279471874,-0.0184625461697578,False
0.1290153861045837,-0.2260202318429947,False
0.1151725575327873,-0.2201074808835983,False
0.1825673729181289,-0.2953950762748718,False
0.1793112754821777,-0.2657428085803985,False
0.1630462259054184,-0.2466636598110199,False
0.1533010751008987,-0.2341087460517883,False
0.1685021519660949,-0.2571355700492859,False
0.1599043905735016,-0.2494234144687652,False
0.2295247763395309,-0.2130459696054458,False
0.2566135823726654,-0.229550614953041,False
0.298268973827362,-0.2496537715196609,True
0.3058595955371856,-0.2748947739601135,True
0.2194207906723022,-0.3258720636367798,False
0.2268365621566772,-0.3365279734134674,False
0.2763702571392059,-0.3478471934795379,False
0.0984419807791709,-0.0914437249302864,False
0.2734659016132355,-0.339703768491745,False
0.2250365316867828,-0.3421356081962585,False
0.2251266241073608,-0.3463480770587921,False
0.2187436819076538,-0.3385412991046905,False
0.2231294959783554,-0.3461584150791168,False
0.2225896120071411,-0.3390790224075317,False
0.2212270349264145,-0.3483346998691559,False
0.2057638615369796,-0.3137595057487488,False
0.2155424505472183,-0.3410502672195434,False
0.2200865894556045,-0.3469095826148987,False
0.1691947281360626,-0.326362669467926,False
0.1709022670984268,-0.3335118293762207,False
0.233474776148796,-0.3487104475498199,False
0.1263031959533691,-0.1391558796167373,False
0.3197772800922394,-0.3928673267364502,False
0.3310824930667877,-0.3699046373367309,False
0.3353991210460663,-0.3718583583831787,False
0.3235510885715484,-0.370073527097702,False
0.3238324522972107,-0.3714229464530945,False
0.3071432411670685,-0.362260490655899,False
0.3266075253486633,-0.3885790705680847,False
0.2369572818279266,-0.3168896734714508,False
0.2102459669113159,-0.3040265738964081,False
0.2043007761240005,-0.2953662276268005,True
0.4580987989902496,-0.462685227394104,False
0.283637672662735,-0.2888666093349457,False
0.4082677066326141,-0.4465200006961822,False
0.3837735950946808,-0.4315285384654999,False
0.3580165505409241,-0.402139812707901,False
0.3769351243972778,-0.4067476391792297,False
0.4291556775569916,-0.4599176049232483,False
-0.14565110206604,0.3334949016571045,False
-0.0933832675218582,0.3132421374320984,True
-0.1919672042131424,0.3597444891929626,True
-0.1902531385421753,0.503960371017456,True
0.7028539776802063,-0.5934866666793823,False
0.4770974516868591,-0.3922063708305359,False
0.6118788719177246,-0.5174760818481445,False
0.5674827098846436,-0.4773972034454345,True
0.724481999874115,-0.6346679925918579,True
0.0294974297285079,0.0637167915701866,False
0.1260559111833572,-0.04974976927042,True
0.0161759667098522,0.0661378800868988,True
0.0425549000501632,0.0814253091812133,True
0.4478989243507385,-0.4590647220611572,False
0.4660206437110901,-0.4798541069030761,False
0.455946683883667,-0.4724384248256683,False
0.4635452926158905,-0.4825205504894256,False
0.4744598567485809,-0.490151435136795,False
0.4660433828830719,-0.4819551408290863,False
0.4585470557212829,-0.4602117836475372,False
0.4848108887672424,-0.5070142149925232,False
0.4484508037567138,-0.4718247056007385,False
0.5914003849029541,-0.5755502581596375,False
0.3684171140193939,-0.3339437246322632,False
0.5669770240783691,-0.539673388004303,False
0.5876294374465942,-0.5456196069717407,True
0.557110607624054,-0.5439680218696594,True
0.7681965827941895,-0.6917344927787781,False
0.7579743266105652,-0.6910253763198853,False
0.7378060817718506,-0.6750790476799011,False
0.7379241585731506,-0.6750473380088806,True
0.7354345917701721,-0.6791325807571411,True
0.1844906508922577,-0.1425701826810836,True
0.6011149883270264,-0.5364444255828857,True
0.3234929144382477,-0.2886128723621368,False
0.6054540872573853,-0.5907354354858398,False
0.6238700747489929,-0.6099262237548828,False
0.6019148826599121,-0.5964360237121582,False
0.5591394305229187,-0.5666375160217285,False
0.5203124284744263,-0.5351408123970032,False
0.5137438178062439,-0.5402196049690247,False
0.5279244780540466,-0.5693452954292297,False
0.615528404712677,-0.5696446895599365,False
0.683026909828186,-0.650259256362915,False
0.6778627038002014,-0.6518383622169495,False
0.6463760733604431,-0.631489634513855,False
0.5907576084136963,-0.5838122367858887,False
0.5975449085235596,-0.6033434867858887,False
0.5313020944595337,-0.5461017489433289,False
0.549664318561554,-0.5899575352668762,False
0.5045413970947266,-0.5166806578636169,False
0.5139359831809998,-0.5276655554771423,False
0.4995620548725128,-0.5141058564186096,False
0.4979079961776733,-0.5150707960128784,False
0.5005044341087341,-0.5125325918197632,False
0.5021471381187439,-0.5193288922309875,False
0.4541479349136352,-0.4668394923210144,False
0.4889737963676452,-0.5089374780654907,False
0.4605169296264648,-0.4908492863178253,False
0.4162871837615967,-0.4389779269695282,False
0.3832766413688659,-0.4186186492443084,False
0.3955128192901611,-0.4278485774993896,False
0.4002963304519653,-0.4431844353675842,False
0.2796659171581268,-0.3597504496574402,False
0.2866475582122803,-0.3681541979312897,False
0.2713725566864013,-0.3563048839569092,False
0.265386164188385,-0.3469937443733215,False
0.2752736210823059,-0.3587963879108429,False
0.2650836706161499,-0.3488913774490356,False
0.2388276606798172,-0.3159477412700653,False
0.2668583393096924,-0.3587374687194824,False
0.2589483559131622,-0.3510354161262512,False
0.4128588438034057,-0.4460668563842773,False
0.4224302768707275,-0.4562230706214905,False
0.4062102138996124,-0.441916674375534,False
0.411422997713089,-0.4475384652614593,False
0.4129287898540497,-0.448058545589447,False
0.4149485528469085,-0.4529993534088135,False
0.3882657885551452,-0.419814795255661,False
0.4173877835273742,-0.4562123119831085,False
0.4055539071559906,-0.4470375180244446,False
0.2645726203918457,-0.3542472124099731,False
0.2561230361461639,-0.356660783290863,False
0.2437881827354431,-0.3515801429748535,False
0.2365332990884781,-0.338003396987915,False
0.2414903789758682,-0.345097541809082,False
0.2307700216770172,-0.3378380239009857,False
0.2018457800149917,-0.2925534546375274,False
0.2278932780027389,-0.3400192260742187,False
0.2195691466331482,-0.3239901959896087,False
0.4146460294723511,-0.4317632019519806,False
0.2479471564292907,-0.2630664110183716,False
0.3523469269275665,-0.396119475364685,False
0.3274508714675903,-0.3778862655162811,False
0.3323288857936859,-0.3921398222446441,False
0.3458996713161468,-0.3829770088195801,False
0.3861136734485626,-0.4236320257186889,False
0.4505388140678406,-0.4512652456760406,False
0.3814312219619751,-0.3747591376304626,False
0.5427406430244446,-0.5522403717041016,False
0.4606534242630005,-0.4803601205348968,False
0.4531984329223633,-0.4827077388763428,False
0.4396403729915619,-0.4833003580570221,False
0.4531833231449127,-0.5196484923362732,False
0.1166353970766067,0.0420266762375831,False
0.2137313783168792,-0.0681302994489669,True
0.1059487164020538,0.021411383524537,True
0.1167748421430587,0.0567343533039093,True
0.335895836353302,-0.3367990553379059,False
0.2680695354938507,-0.2882422804832458,False
0.3940838575363159,-0.3884936869144439,False
0.584977924823761,-0.543651282787323,False
0.3312379419803619,-0.3072863519191742,False
0.5395891070365906,-0.5307325720787048,False
0.5178208947181702,-0.5019093155860901,False
0.5180777907371521,-0.5031216144561768,False
0.544287919998169,-0.517586886882782,False
0.5373881459236145,-0.518085241317749,False
0.1546313613653183,-0.2845861613750458,False
0.1527203321456909,-0.2851840257644653,False
0.1370864361524582,-0.2726204991340637,False
0.1376836746931076,-0.2684732675552368,False
0.1256700158119201,-0.2608241140842438,False
0.1150264143943786,-0.2592911422252655,False
0.0732759982347488,-0.1989577710628509,False
0.0795628055930137,-0.2169846296310424,False
0.0689515545964241,-0.2009284943342209,True
0.2066916227340698,-0.3009519279003143,False
0.2042753845453262,-0.301733523607254,False
0.1935665607452392,-0.2912276685237884,False
0.1979160904884338,-0.299961119890213,False
0.2027845084667205,-0.3022433817386627,False
0.1948537975549698,-0.2997089624404907,False
0.1927167326211929,-0.2907250225543976,False
0.1814105659723281,-0.2868508696556091,False
0.1925860047340393,-0.3025047481060028,False
0.3881210684776306,-0.3387523591518402,False
0.6329353451728821,-0.584475576877594,False
0.3930596113204956,-0.3616468608379364,False
0.5647062659263611,-0.5534878969192505,False
0.5138773322105408,-0.5187862515449524,False
0.5045158863067627,-0.5185724496841431,False
0.5114580392837524,-0.5059916377067566,False
0.5293682813644409,-0.5233482718467712,False
0.1729986518621444,-0.1639659106731414,False
0.3498896956443786,-0.3836629688739776,False
0.3548535406589508,-0.3903721272945404,False
0.3194539546966553,-0.3617373704910278,False
0.296062171459198,-0.3487748205661773,False
0.2863182127475738,-0.346878319978714,False
0.2194219976663589,-0.2576527297496795,False
0.2650117576122284,-0.3462952375411987,False
0.2515013217926025,-0.1731739491224289,False
0.3063605427742004,-0.1723877489566803,False
0.3433319330215454,-0.2622620463371277,True
-0.0179622154682874,0.0386570505797863,True
0.3105139136314392,-0.2180304676294326,True
0.5784812569618225,-0.5002647638320923,False
0.5688226819038391,-0.4923819005489349,False
0.6849812269210815,-0.5982025265693665,True
0.7133172154426575,-0.6139284372329712,True
0.6577035784721375,-0.5794647932052612,True
0.6329736709594727,-0.5653669238090515,True
0.3099817931652069,-0.3630402684211731,False
0.3086453378200531,-0.3624970316886902,False
0.2549771666526794,-0.2946972548961639,False
0.2714709937572479,-0.3034773468971252,False
0.3512842655181885,-0.3819818496704101,False
0.3835749328136444,-0.4116058647632599,False
-0.1953280866146087,0.4230781495571136,False
-0.1226261556148529,0.3190006911754608,True
-0.233893871307373,0.4233095347881317,True
-0.2629021108150482,0.5471937656402588,True
0.4870215356349945,-0.4245968461036682,False
0.72980135679245,-0.6696591377258301,False
0.7200274467468262,-0.6670627593994141,False
0.718654453754425,-0.6740525364875793,True
0.7096570134162903,-0.6729961037635803,True
0.6057940721511841,-0.5677945017814636,True
0.0237005241215229,-0.0108227580785751,True
0.2007994204759597,-0.2950910031795501,False
0.194456860423088,-0.294035941362381,False
0.183805763721466,-0.2833370864391327,False
0.1872432827949524,-0.2893694341182709,False
0.1950742304325103,-0.2956559360027313,False
0.1839601397514343,-0.2899377346038818,False
0.1762434691190719,-0.2823016047477722,False
0.1592016220092773,-0.268772691488266,False
0.1735776662826538,-0.2861067056655884,False
0.5232793688774109,-0.4777062535285949,False
0.5788566470146179,-0.5798349976539612,False
0.3038034439086914,-0.278759241104126,False
0.5459597110748291,-0.5236060619354248,False
0.5672972798347473,-0.536591649055481,True
0.5174523591995239,-0.5121733546257019,True
0.4650312960147857,-0.4355243742465973,True
0.5442484617233276,-0.5471829175949097,True
0.5380343794822693,-0.507876455783844,True
0.3083382248878479,-0.3828674554824829,False
0.3070316016674042,-0.3766223192214966,False
0.3510621786117553,-0.4418167769908905,False
0.3258647322654724,-0.4178782999515533,False
0.3114289045333862,-0.4078592658042907,False
0.2924067676067352,-0.4038713276386261,False
0.2798824310302734,-0.4177650511264801,False
-0.1679467111825943,0.4079709947109222,False
-0.0629491731524467,0.2720548212528229,True
-0.2147859185934066,0.4409643411636352,True
-0.1257382333278656,0.4289150238037109,True
0.4750036299228668,-0.4653566479682922,False
0.3803088963031769,-0.3424887061119079,False
0.4663252234458923,-0.4305960237979889,False
0.5596334934234619,-0.5674031972885132,False
0.2655042707920074,-0.2372501194477081,False
0.5444497466087341,-0.5269274711608887,False
0.5448210835456848,-0.5106800198554993,True
0.3692758977413177,-0.3514437675476074,True
0.4689155220985412,-0.4611119627952575,True
0.531783938407898,-0.5301581025123596,True
0.3432851135730743,-0.3007034361362457,True
0.3772539496421814,-0.43313068151474,False
0.384210467338562,-0.4400162100791931,False
0.3742896020412445,-0.4326828718185425,False
0.3793003559112549,-0.4374772608280182,False
0.3656107187271118,-0.4215238392353058,False
0.3811290860176086,-0.4430439472198486,False
0.3441620171070099,-0.3911860883235931,False
0.3807985484600067,-0.4435846209526062,False
0.3629258275032043,-0.4294402003288269,False
0.5078975558280945,-0.5041528940200806,False
0.6041191220283508,-0.5720612406730652,True
0.6451788544654846,-0.5813814997673035,True
0.5587409734725952,-0.4860846996307373,True
0.3989919424057007,-0.4028017222881317,False
0.23121939599514,-0.2092633992433548,False
0.538510799407959,-0.5535733699798584,False
0.4983863234519958,-0.533251166343689,False
0.4795786440372467,-0.518237292766571,False
0.4561664462089538,-0.5089856386184692,False
0.4080196619033813,-0.4907393455505371,False
0.2334243953227996,-0.2029470354318618,False
0.4792194366455078,-0.469040185213089,False
0.231403037905693,-0.2059549987316131,False
0.4379369020462036,-0.4108213782310486,False
0.488237977027893,-0.4533159732818603,True
0.2012788504362106,-0.1888031214475631,True
0.2789840996265411,-0.2654681205749511,True
0.4312927722930908,-0.426526814699173,True
0.1738456487655639,-0.1273884028196334,True
0.5645912289619446,-0.5422192811965942,False
0.5852612257003784,-0.561091423034668,False
0.5671514868736267,-0.5457651019096375,False
0.5713858008384705,-0.5541675686836243,False
0.5795984864234924,-0.5622156858444214,False
0.5711364150047302,-0.5516499876976013,False
0.5634120106697083,-0.5442535281181335,False
0.5409883260726929,-0.5342386364936829,False
-0.0255837105214595,0.0805748999118805,False
-0.0046816603280603,0.0908339247107505,False
0.1704128682613372,-0.1139872446656227,True
0.1090322583913803,-0.0153661388903856,True
0.1505909264087677,-0.0760133042931556,True
0.6068877577781677,-0.5675009489059448,False
0.681946873664856,-0.64414381980896,False
0.6511086225509644,-0.6313987970352173,False
0.6127907037734985,-0.6068251132965088,False
0.5374002456665039,-0.5438537001609802,False
0.5625758171081543,-0.5814738869667053,False
0.3904417157173157,-0.3962873816490173,False
0.5073438286781311,-0.5644210577011108,False
0.4485057890415191,-0.3840693533420563,False
0.7810524702072144,-0.7042952179908752,False
0.7719201445579529,-0.7033237218856812,False
0.7616757750511169,-0.6890835762023926,False
0.7403746843338013,-0.6816710233688354,True
0.735274612903595,-0.6815293431282043,True
0.1231512129306793,-0.0898294597864151,True
0.7306655049324036,-0.6692085862159729,True
0.1725360602140426,-0.1407833099365234,True
0.4511948227882385,-0.410614550113678,False
0.731262743473053,-0.6729609966278076,False
0.7510414123535156,-0.6985384225845337,False
0.728905200958252,-0.6765221953392029,False
0.758224606513977,-0.7035452723503113,True
0.7501327395439148,-0.7036800980567932,True
0.0279520936310291,-0.0021834564395248,True
0.6289505958557129,-0.5899377465248108,True
0.4406511783599853,-0.4009268283843994,True
0.2443890422582626,-0.3037039935588836,False
0.1490193158388137,-0.1923326253890991,False
0.2243294715881347,-0.3081857562065124,False
0.2238220274448394,-0.3051697313785553,False
0.2264721989631652,-0.3160494565963745,False
0.2301200777292251,-0.3024591207504272,False
0.2674528062343597,-0.3407731056213379,False
0.0892900228500366,0.0115711763501167,False
0.1525705754756927,-0.0389572903513908,False
0.1371829658746719,-0.10923932492733,False
0.2526385486125946,-0.1133245304226875,False
0.1265284568071365,-0.0722709000110626,False
0.1203138902783393,-0.0244968999177217,False
0.0677734240889549,0.0464155822992324,False
0.1673583388328552,-0.1368390768766403,False
0.2013224363327026,-0.142854630947113,True
0.2901289165019989,-0.354134738445282,False
0.3010016083717346,-0.3709562718868255,False
0.2949288785457611,-0.3688550889492035,False
0.2912274003028869,-0.3571618199348449,False
0.3061963021755218,-0.3760287761688232,False
0.2950625121593475,-0.3607152104377746,False
0.2577153146266937,-0.3203341960906982,False
0.303819864988327,-0.37322998046875,False
0.2985956966876983,-0.3727165460586548,False
0.7157184481620789,-0.5901666879653931,False
0.5624005198478699,-0.4569534659385681,False
0.6492265462875366,-0.5458832383155823,False
0.5916329622268677,-0.4931898117065429,True
0.7341118454933167,-0.6344159841537476,True
0.4730807840824127,-0.4745930135250091,False
0.4860845506191253,-0.4844987392425537,False
0.4635710716247558,-0.4657588005065918,False
0.477749615907669,-0.4800946712493896,False
0.4844247102737427,-0.4917364120483398,False
0.4828456938266754,-0.4835118055343628,False
0.4871885180473327,-0.4868137240409851,False
0.4785524010658264,-0.4831319451332092,False
0.273350715637207,-0.302612155675888,False
0.2862092852592468,-0.2865332961082458,False
0.3629931211471557,-0.367990642786026,True
0.314708948135376,-0.3005535006523132,True
0.3656002581119537,-0.3545240461826324,True
0.1829570829868316,-0.3202970623970032,False
0.1939583420753479,-0.3325294852256775,False
0.2422715127468109,-0.3449495136737823,False
0.1917328387498855,-0.2394098043441772,False
0.2943572103977203,-0.3668200075626373,False
0.4806336760520935,-0.4727810621261596,False
0.4630990922451019,-0.4744119644165039,False
0.4729824066162109,-0.4746323227882385,False
0.482056587934494,-0.495372325181961,False
0.3450914919376373,-0.3898715078830719,False
0.2047564536333084,-0.2393440753221511,False
0.2662555277347564,-0.3362845182418823,False
0.2648597955703735,-0.3550218641757965,False
0.2513656318187713,-0.3442594707012176,False
0.268311858177185,-0.3372924327850342,False
0.3078518509864807,-0.3784639537334442,False
-0.0819935500621795,0.2451716959476471,False
-0.0809442028403282,0.2988740503787994,True
-0.137833371758461,0.3023294806480407,True
-0.0877603217959404,0.3966857492923736,True
0.3131503462791443,-0.3311004638671875,False
0.3354199826717376,-0.3080581724643707,False
0.5907829999923706,-0.5858562588691711,False
0.4146008789539337,-0.3831514120101928,False
0.5843193531036377,-0.5649013519287109,False
0.5740406513214111,-0.5385724306106567,True
0.5630576014518738,-0.5603025555610657,True
0.1866859197616577,-0.2415743768215179,False
0.1921085715293884,-0.2619882822036743,False
0.2053417265415191,-0.2562044560909271,False
0.2325823456048965,-0.2907368540763855,False
0.2352792620658874,-0.2773312926292419,False
0.2532176077365875,-0.2989450991153717,False
0.4485556781291961,-0.3886129558086395,False
0.7876503467559814,-0.7154842019081116,False
0.7933005094528198,-0.7277866005897522,False
0.7065485715866089,-0.6449447274208069,False
0.7745205163955688,-0.7152426242828369,True
0.7716749310493469,-0.7192118763923645,True
0.1316834390163421,-0.0951921716332435,True
0.7283966541290283,-0.6692084670066833,True
0.4758322536945343,-0.4218497276306152,True
0.507031261920929,-0.4688732624053955,False
0.7264472842216492,-0.6737269163131714,False
0.7154514193534851,-0.6745477914810181,False
0.7016910314559937,-0.6430734395980835,False
0.7109671831130981,-0.6712719202041626,True
0.7046711444854736,-0.6748536825180054,True
0.4042628705501556,-0.3383021652698517,True
0.6873264908790588,-0.653317391872406,True
0.6143351197242737,-0.5795727372169495,True
0.2658749520778656,-0.3327121138572693,False
0.1429372429847717,-0.1872483491897583,False
0.2445638328790664,-0.3440757989883423,False
0.2207735925912857,-0.3214103281497955,False
0.218742236495018,-0.3286383152008056,False
0.232186809182167,-0.3219625949859619,False
0.2544587850570678,-0.3427799046039581,False
0.4394934177398681,-0.4484636783599853,False
0.4572470784187317,-0.4726805686950683,False
0.4444034397602081,-0.4621357917785644,False
0.4584458172321319,-0.4780903458595276,False
0.4779468178749084,-0.4980646967887878,False
0.4631176590919494,-0.4763502478599548,False
0.4832447469234466,-0.5013081431388855,False
0.4639244377613067,-0.482005774974823,False
0.350561261177063,-0.3240560591220855,False
0.4165248870849609,-0.3685485422611236,False
0.3577406108379364,-0.3811008036136627,False
0.4736367464065552,-0.4880529940128326,True
0.4175973236560821,-0.4162580370903015,True
0.4543150663375854,-0.4300116002559662,True
0.3858969807624817,-0.4252037703990936,False
0.3725913166999817,-0.3457112610340118,False
0.547394335269928,-0.4998735189437866,False
0.6788274049758911,-0.6455079913139343,False
0.6632914543151855,-0.6381136178970337,False
0.6178959012031555,-0.6073625087738037,False
0.6022943258285522,-0.6099677681922913,False
0.5698757171630859,-0.5884833335876465,False
0.4858781099319458,-0.514236569404602,False
0.5298349261283875,-0.5763470530509949,False
0.5098025798797607,-0.4995090961456299,False
0.59786057472229,-0.5611938238143921,True
0.5789985060691833,-0.5202288627624512,True
0.5961995124816895,-0.5253334641456604,True
0.4529739320278168,-0.467291921377182,False
0.4715485870838165,-0.486232578754425,False
0.4572612941265106,-0.4750966727733612,False
0.467925101518631,-0.4907434582710266,False
0.4676202535629272,-0.4867050051689148,False
0.4721430242061615,-0.4933535456657409,False
0.4603094756603241,-0.4636005461215973,False
0.4845016598701477,-0.5085098147392273,False
0.4529938995838165,-0.4770115613937378,False
0.2884822785854339,-0.3252597749233246,False
0.322814404964447,-0.3717360496520996,False
0.2964650988578796,-0.3338536322116852,False
0.3729075789451599,-0.4138153493404388,False
0.3378170132637024,-0.358654648065567,False
0.3832080662250519,-0.4069031178951263,False
0.3574000597000122,-0.4074408411979675,False
0.3292637169361114,-0.3779254853725433,False
0.3514062464237213,-0.4058448672294616,False
0.3457187414169311,-0.4059979319572449,False
0.412617564201355,-0.4219177365303039,False
0.5299366116523743,-0.5242459774017334,True
0.564691424369812,-0.5307235717773438,True
0.4400264322757721,-0.3845222592353821,True
0.5661232471466064,-0.516582190990448,False
0.7083830237388611,-0.6610050201416016,False
0.699744462966919,-0.6607300639152527,False
0.5433909893035889,-0.5104396939277649,False
0.6975919008255005,-0.6644171476364136,True
0.6930601596832275,-0.6677770018577576,True
0.1810652911663055,-0.1471996456384658,True
0.5348859429359436,-0.5028743147850037,True
0.5310636758804321,-0.4956656992435455,True
0.4792585074901581,-0.5145843029022217,False
0.4591349363327026,-0.492459625005722,False
0.478272795677185,-0.5292020440101624,False
0.4197379350662231,-0.469330370426178,False
0.4315934181213379,-0.4888567924499511,False
0.3897669315338135,-0.4548821747303009,False
0.3829549252986908,-0.4828624427318573,False
0.3704460561275482,-0.3848245441913605,False
0.3327921032905578,-0.2950461506843567,False
0.3794359564781189,-0.3753978013992309,False
0.3287904858589172,-0.3345419764518738,False
0.2697635591030121,-0.3234733343124389,False
0.1394982486963272,-0.1965309083461761,True
0.3111926019191742,-0.2518037855625152,False
0.3646393716335296,-0.3331709802150726,False
0.1868479698896408,-0.1559031158685684,False
0.3614107370376587,-0.3156586289405823,False
0.1396240592002868,-0.1129814535379409,True
0.1746201813220977,-0.1467417329549789,True
0.3221367001533508,-0.308652251958847,True
0.3687565624713897,-0.350770354270935,True
0.2725763916969299,-0.2254449427127838,True
0.7767819166183472,-0.6648168563842773,False
0.7989380955696106,-0.698485255241394,False
0.7878028750419617,-0.6956483125686646,False
0.7634004950523376,-0.6875443458557129,True
0.7554336786270142,-0.6881669163703918,True
0.4665217697620392,-0.4210239052772522,True
0.2170339375734329,-0.1873234361410141,True
0.2189363539218902,-0.2120178341865539,False
0.3337717056274414,-0.312809020280838,False
0.3108798861503601,-0.3299000561237335,False
0.3718400597572326,-0.3562164604663849,False
0.2901420295238495,-0.373510867357254,False
0.2972292900085449,-0.3817330598831177,False
0.2818542718887329,-0.3710620403289795,False
0.2773598134517669,-0.3614013791084289,False
0.2804746925830841,-0.3702234923839569,False
0.27472785115242,-0.3612740933895111,False
0.2393149733543396,-0.3227325975894928,False
0.2603763043880462,-0.3571623563766479,False
0.2559958398342132,-0.3548387885093689,False
0.6044669151306152,-0.505821704864502,False
0.5059559345245361,-0.4123936891555786,False
0.5397664904594421,-0.4522037506103515,False
0.5038183927536011,-0.4035664200782776,True
0.6892656087875366,-0.5885847806930542,True
0.7892938256263733,-0.6987804174423218,False
0.7776201963424683,-0.6970654726028442,False
0.7635790109634399,-0.687313973903656,False
0.7642412185668945,-0.6853293776512146,True
0.7639628052711487,-0.6900568604469299,True
0.0911345109343528,-0.0611485093832016,True
0.1786735504865646,-0.1482367366552353,True
0.4376186728477478,-0.4687020182609558,False
0.4545674920082092,-0.4866854548454284,False
0.4361879229545593,-0.474183589220047,False
0.4360374212265014,-0.4753650426864624,False
0.441131442785263,-0.4783212542533874,False
0.435903787612915,-0.476353257894516,False
0.3539876937866211,-0.3935547173023224,False
0.4091740548610687,-0.4500612020492553,False
0.4067409038543701,-0.4488594532012939,False
0.2851108014583587,-0.3377266824245453,False
0.1605444401502609,-0.1976315975189209,False
0.2439511567354202,-0.3203777074813843,False
0.2388113290071487,-0.3233050405979156,False
0.2364987432956695,-0.3298381865024566,False
0.2562276721000671,-0.3300112187862396,False
0.2822417318820953,-0.3545735478401184,False
0.5126011967658997,-0.5217689275741577,False
0.5270510911941528,-0.5355207920074463,False
0.507968008518219,-0.5158785581588745,False
0.5127835273742676,-0.5256251096725464,False
0.5063571333885193,-0.5142624974250793,False
0.518280565738678,-0.5285305380821228,False
0.4687919914722442,-0.478886216878891,False
0.5033413767814636,-0.5159333944320679,False
0.4813270568847656,-0.5096556544303894,False
0.6030383706092834,-0.575573742389679,False
0.6374198198318481,-0.6241747140884399,False
0.5652132034301758,-0.5533747673034668,False
0.638046383857727,-0.6265474557876587,True
0.6373713612556458,-0.6316236257553101,True
0.1996555477380752,-0.168989211320877,True
0.4934100210666656,-0.4756360054016113,True
0.6222745180130005,-0.632470428943634,True
0.2615794241428375,-0.2358738631010055,False
0.3626205623149872,-0.3715624809265136,False
0.4024763405323028,-0.4068977832794189,True
0.2866928279399872,-0.2706979811191559,True
0.2985763549804687,-0.2872128784656524,True
0.4072629511356354,-0.3623602986335754,False
0.4280271232128143,-0.385784238576889,False
0.6680700182914734,-0.6277913451194763,False
0.5883369445800781,-0.5631797909736633,False
0.585963785648346,-0.5713933110237122,False
0.4662788510322571,-0.463315337896347,False
0.5520438551902771,-0.5827038288116455,False
0.4445041418075561,-0.4380736351013183,False
0.567532479763031,-0.5224064588546753,False
0.1788532435894012,-0.1563690900802612,False
0.1866336017847061,-0.1608566045761108,False
0.22128526866436,-0.2338268309831619,False
0.1856648474931717,-0.1656306833028793,False
0.2098931521177292,-0.2010485082864761,False
0.2018348425626754,-0.1964647620916366,False
-0.0227289870381355,0.0608091503381729,False
-0.1190014854073524,0.1883339881896972,False
-0.3055492639541626,0.4361472427845001,True
0.457082599401474,-0.502944827079773,False
0.4544918537139892,-0.499553382396698,False
0.5094046592712402,-0.531043529510498,False
0.4747845232486725,-0.4894378185272217,False
0.3292179703712463,-0.3296712636947632,True
0.3848991096019745,-0.4116036593914032,True
0.0543257407844066,-0.030064683407545,False
-0.1148825585842132,0.1944665759801864,False
0.021144974976778,0.0182089563459157,False
0.0254127364605665,-0.0319613330066204,False
0.0772465094923973,-0.0288412477821111,False
-0.0882694497704505,0.1640850454568863,False
0.3109382390975952,-0.3039846122264862,False
0.3035414516925812,-0.2966994345188141,False
0.3573509454727173,-0.4012823104858398,False
0.1772660315036773,-0.2742804586887359,True
-0.1710634231567382,0.3573452830314636,False
-0.1495248824357986,0.2923007905483246,True
-0.261457234621048,0.440744549036026,True
-0.2299756705760955,0.5146186351776123,True
0.3713142573833465,-0.3670030236244201,False
0.501945436000824,-0.5202540755271912,False
0.2373688071966171,-0.2121079564094543,False
0.4388375580310821,-0.4234298169612884,False
0.5102323889732361,-0.4915946125984192,True
0.4082452356815338,-0.3963959813117981,True
0.3335817158222198,-0.3262799382209778,True
0.4842316508293152,-0.4902864694595337,True
0.369803637266159,-0.3497269749641418,True
0.3920431733131408,-0.3463402092456817,False
0.737429141998291,-0.6742313504219055,False
0.7502649426460266,-0.6959258317947388,False
0.7130528092384338,-0.6747098565101624,True
0.7008883357048035,-0.6719930768013,True
0.6690914034843445,-0.6365759372711182,True
0.0836291313171386,-0.0639819800853729,True
0.3330647051334381,-0.3595298230648041,False
0.3636066913604736,-0.3305931389331817,False
0.2309017330408096,-0.2427959591150283,False
0.3758290410041809,-0.4201515614986419,False
0.2736153602600097,-0.2940220534801483,False
0.4528486132621765,-0.5050514340400696,False
0.4196392893791199,-0.4855542182922363,False
0.4142857491970062,-0.4845001399517059,False
0.3819300532341003,-0.4645528495311737,False
0.3473436832427978,-0.4514389038085937,False
0.5162638425827026,-0.4588236212730407,False
0.5001789331436157,-0.4306013584136963,False
0.5155373811721802,-0.4365564584732055,False
0.6252628564834595,-0.5327609777450562,True
0.5981655716896057,-0.5278410911560059,True
0.6213272213935852,-0.5807784199714661,False
0.3815414607524872,-0.3534746766090393,False
0.5304063558578491,-0.519509494304657,False
0.5107406377792358,-0.5144540667533875,False
0.4842647612094879,-0.4935332834720611,False
0.4905934929847717,-0.4771788418292999,False
0.5625392198562622,-0.5474825501441956,False
0.1651047170162201,-0.1568093001842498,False
0.3314574956893921,-0.3649103343486786,False
0.3359154760837555,-0.3732184171676636,False
0.298668771982193,-0.3385060429573059,False
0.2777161598205566,-0.3301797807216644,False
0.2720189094543457,-0.33209428191185,False
0.2394501268863678,-0.2925836741924286,False
0.2570065259933471,-0.3366126716136932,False
0.3418076932430267,-0.3159723281860351,False
0.515011191368103,-0.5190452337265015,False
0.5509846806526184,-0.5533480048179626,False
0.5201703310012817,-0.5312299132347107,False
0.4338598847389221,-0.4594157338142395,False
0.4769016802310943,-0.514220654964447,False
0.4115844368934631,-0.4537095725536346,False
0.4402098059654236,-0.505244791507721,False
0.2238465994596481,-0.2939669787883758,False
0.2293932139873504,-0.2982735335826874,False
0.2329866141080856,-0.3102169036865234,False
0.2359064072370529,-0.313040554523468,False
0.2197704166173935,-0.2925537526607513,False
0.2333652377128601,-0.3043114244937897,False
0.1973321288824081,-0.2721684277057647,False
0.1989930719137191,-0.2819533050060272,False
0.1918363869190216,-0.272426038980484,True
0.2337810546159744,-0.2999489903450012,False
0.2102348506450653,-0.2728281915187835,False
0.2383330911397934,-0.3042511343955993,False
0.2346412241458892,-0.3042883574962616,False
0.3702522814273834,-0.339575320482254,False
0.634173572063446,-0.6161508560180664,False
0.5991551280021667,-0.5867294669151306,False
0.6075780987739563,-0.6016543507575989,False
0.5861486792564392,-0.5904142260551453,False
0.5614664554595947,-0.5747835040092468,False
0.5334059000015259,-0.5587121844291687,False
0.5294971466064453,-0.5709455013275146,False
0.420279860496521,-0.3023088574409485,False
0.4476882815361023,-0.366075724363327,True
0.4335637390613556,-0.3260879516601562,True
0.3091188371181488,-0.2430049479007721,True
0.2684604227542877,-0.2441382706165313,False
0.4771209955215454,-0.4835282862186432,False
0.4766022861003876,-0.4829563498497009,False
0.4504464566707611,-0.4593062400817871,False
0.4427641630172729,-0.4637153148651123,False
0.4164748191833496,-0.4408287703990936,False
0.3794412314891815,-0.4040999114513397,False
0.4145162105560303,-0.4552324116230011,False
0.3249089121818542,-0.3710404336452484,False
0.1814408898353576,-0.1847378462553024,False
0.4253449738025665,-0.487037181854248,False
0.3934757709503174,-0.468188464641571,False
0.381968080997467,-0.4633145630359649,False
0.3525628745555877,-0.4456839263439178,False
0.3177064061164856,-0.4352778792381286,False
0.1279109418392181,-0.1929108053445816,False
0.0818008407950401,-0.129322201013565,False
0.1525640338659286,-0.2506255805492401,False
0.1490928679704666,-0.2420132607221603,False
0.1526692062616348,-0.2558416426181793,False
0.1549592465162277,-0.2447330206632614,False
0.1824139058589935,-0.2732339799404144,False
0.3085430860519409,-0.3559336066246032,False
0.1599262952804565,-0.1908880323171615,False
0.2835991978645324,-0.3565458059310913,False
0.2794934213161468,-0.3402479290962219,False
0.2875460088253021,-0.3525247573852539,False
0.2868268191814422,-0.3405007123947143,False
0.304097831249237,-0.3624670207500458,False
0.0622480027377605,-0.0052726985886693,False
0.1000520586967468,-0.0106695191934704,False
0.1122313439846038,-0.0485155321657657,True
0.2119034677743911,-0.1695650815963745,True
0.1851450651884079,-0.1288083791732788,True
0.4440550804138183,-0.4152391254901886,False
0.4927122294902801,-0.5061549544334412,False
0.3009913265705108,-0.2825566530227661,False
0.4933668971061706,-0.4899541437625885,False
0.4963801801204681,-0.477798581123352,True
0.4396933019161224,-0.433423638343811,True
0.3439353704452514,-0.3237388134002685,True
0.501258134841919,-0.5146761536598206,True
0.4314828515052795,-0.4065956473350525,True
0.4228011667728424,-0.4392196536064148,False
0.2156228870153427,-0.227341279387474,False
0.365072637796402,-0.4198125600814819,False
0.3573746979236603,-0.4058380424976349,False
0.3446903228759765,-0.3951936066150665,False
0.364904522895813,-0.4018990099430084,False
0.391004353761673,-0.4280495643615722,False
0.2800913751125335,-0.3195173740386963,False
0.2080318927764892,-0.2316266447305679,False
0.3639067411422729,-0.4204508364200592,False
0.3365643620491028,-0.3983085453510284,False
0.3267810642719269,-0.3972956240177154,False
0.2956387996673584,-0.3756914138793945,False
0.2887884676456451,-0.3895516097545624,False
0.3800426721572876,-0.3797545135021209,False
0.1381135731935501,-0.1212795749306678,False
0.5232017636299133,-0.5431461930274963,False
0.478164404630661,-0.5142440795898438,False
0.4625861346721649,-0.5020757913589478,False
0.4387066960334778,-0.4909451901912689,False
0.4303600788116455,-0.5063301920890808,False
